filepath,series,title,number,summary,year,month,writer,artist,publisher,format
Alienated (2020)/Volume #01.cbz,Alienated (2020),Volume #01,1,Alienated (2020) #1-6,2020,,Simon Spurrier,Chris Wildgoose,Boom,Trade Paperback
Atlas Era Battlefield Masterworks/Volume #01.cbz,Atlas Era Battlefield Masterworks,Volume #01,1,Battlefield (1952) #1-11,2018,,Hank Chapman,"Russ Heath, Paul Reinman, Mac Pakula, Vern Henkel, Joe Maneely, Gene Colan, Bill Everett",Marvel,Hardcover
Atlas Era Black Knight & Yellow Claw Masterworks/Volume #01.cbz,Atlas Era Black Knight & Yellow Claw Masterworks,Volume #01,1,Black Knight (1955) #1-5 & The Yellow Claw (1956) #1-4,2020,,"Jack Kirby, Stan Lee","Jack Kirby, Al Feldstein, Fred Kida, Syd Shores",Marvel,Hardcover
Batman- Urban Legends (2021)/Batman- Urban Legends (2021) #01.cbz,Batman: Urban Legends (2021),Batman: Urban Legends (2021) #01,1,,2021,5,"Chip Zdarsky, Stephanie Phillips, Brandon Thomas, Matthew Rosenberg","Eddy Barrows, Eber Ferreira, Marcus To, Laura Braga, Max Dunbar, Ryan Benjamin",DC,Comic
Batman- Urban Legends (2021)/Batman- Urban Legends (2021) #02.cbz,Batman: Urban Legends (2021),Batman: Urban Legends (2021) #02,2,,2021,6,"Chip Zdarsky, Cecil Castellucci, Brandon Thomas, Matthew Rosenberg","Eddy Barrows, Eber Ferreira, Julio Ferreira, Marcus To, Marguerite Sauvage, Max Dunbar, Ryan Benjamin",DC,Comic
Batman- Urban Legends (2021)/Batman- Urban Legends (2021) #03.cbz,Batman: Urban Legends (2021),Batman: Urban Legends (2021) #03,3,,2021,6,"Chip Zdarsky, Che Grayson, Brandon Thomas, Matthew Rosenberg","Eddy Barrows, Eber Ferreira, Julio Ferreira, Marcus To, Alberto Jimenez Alburquerque, Max Dunbar, Ryan Benjamin",DC,Comic
Batman- Urban Legends (2021)/Batman- Urban Legends (2021) #04.cbz,Batman: Urban Legends (2021),Batman: Urban Legends (2021) #04,4,,2021,8,"Chip Zdarsky, Camrus Johnson, Meghan Fitzmartin, Matthew Rosenberg","Eddy Barrows, Eber Ferreira, Marcus To, Loyiso Skizze, Belén Ortega, Ryan Benjamin",DC,Comic
Batman- Urban Legends (2021)/Batman- Urban Legends (2021) #05.cbz,Batman: Urban Legends (2021),Batman: Urban Legends (2021) #05,5,,2021,8,"Chip Zdarsky, Marguerite Bennett, Meghan Fitzmartin, Matthew Rosenberg","Eddy Barrows, Eber Ferreira, Diogenes Neves, Marcus To, Sweeney Boo, Belén Ortega, Ryan Benjamin",DC,Comic
Batman- Urban Legends (2021)/Batman- Urban Legends (2021) #06.cbz,Batman: Urban Legends (2021),Batman: Urban Legends (2021) #06,6,,2021,9,"Chip Zdarsky, Matthew Rosenberg, Meghan Fitzmartin, Joshua Williamson","Eddy Barrows, Eber Ferreira, Scot Eaton, Julio Ferreira, Oclair Albert, Marcus To, Chris Sprouse, Belén Ortega, Trevor Hairsine",DC,Comic
Black Panther- Epic Collection/Volume #01 - Panther's Rage.cbz,Black Panther: Epic Collection,Panther's Rage,1,Fantastic Four (1961) #52-53 & Jungle Action (1972) #6-24,2019,,"Don McGregor, Stan Lee","Rich Buckler, Billy Graham, Jack Kirby, Gil Kane, Keith Pollard",Marvel,Trade Paperback
Black Panther- Epic Collection/Volume #02 - Revenge of the Black Panther.cbz,Black Panther: Epic Collection,Revenge of the Black Panther,2,"Black Panther (1977) #1-15, Marvel Premiere (1972) #51-53, Marvel Team-Up (1972) #100, & Black Panther (1988) #1-4",2019,,"Jack Kirby, Ed Hannigan, Peter B. Gillis, Jim Shooter, Chris Claremont, John Byrne","Jack Kirby, Jerry Bingham, Denys Cowan, John Byrne",Marvel,Trade Paperback
Black Panther- Epic Collection/Volume #03 - Panther's Prey.cbz,Black Panther: Epic Collection,Panther's Prey,3,"Black Panther: Panther’s Prey (1991) #1-4 & material from Marvel Comics Presents (1988) #13-37 & #148, Solo Avengers (1987) #19, Marvel Super-Heroes (1967) #1, Marvel Fanfare (1982) #60, & Fantastic Four Unlimited (1993) #1",2021,,"Don McGregor, Sandy Plunkett, Richard Bensam, Walter Simonson, Roy Thomas, Don Hillsman II, Dave DeVries","Gene Colan, Dwayne Turner, Sandy Plunkett, Ron Lim, Denys Cowan, Dave Hoover, Don Hillsman II",Marvel,Trade Paperback
Buckhead (2021)/Volume #01.cbz,Buckhead (2021),Volume #01,1,Buckhead (2021) #1-5,2022,,Shobo,George Kambadais,Boom,Trade Paperback
Cuphead/Volume #01 - Comic Capers & Curios.cbz,Cuphead,Comic Capers & Curios,1,,2020,,Zack Keller,Shawn Dickinson,Dark Horse,Trade Paperback
Daredevil (1964)/Daredevil (1964) #158.cbz,Daredevil (1964),A Grave Mistake!,158,,1979,5,Roger McKenzie,Frank Miller,Marvel,Comic
Daredevil (1964)/Daredevil (1964) #159.cbz,Daredevil (1964),Marked for Murder!,159,,1979,7,Roger McKenzie,Frank Miller,Marvel,Comic
Daredevil (1964)/Daredevil (1964) #160.cbz,Daredevil (1964),In the Hands of Bullseye,160,,1979,9,Roger McKenzie,Frank Miller,Marvel,Comic
Daredevil (1964)/Daredevil (1964) #161.cbz,Daredevil (1964),To Dare the Devil,161,,1979,11,Roger McKenzie,Frank Miller,Marvel,Comic
Daredevil (1964)/Daredevil (1964) #162.cbz,Daredevil (1964),Requiem for a Pug!,162,,1980,1,Michael Fleisher,Steve Ditko,Marvel,Comic
Daredevil (1964)/Daredevil (1964) #163.cbz,Daredevil (1964),Blind Alley,163,,1980,3,Roger McKenzie,Frank Miller,Marvel,Comic
Daredevil (1964)/Daredevil (1964) #164.cbz,Daredevil (1964),Exposé,164,,1980,5,Roger McKenzie,Frank Miller,Marvel,Comic
Daredevil (1964)/Daredevil (1964) #165.cbz,Daredevil (1964),Arms of the Octopus,165,,1980,7,Roger McKenzie,Frank Miller,Marvel,Comic
Daredevil (1964)/Daredevil (1964) #166.cbz,Daredevil (1964),Till Death Do Us Part!,166,,1980,9,Roger McKenzie,Frank Miller,Marvel,Comic
Daredevil (1964)/Daredevil (1964) #167.cbz,Daredevil (1964),The Mauler,167,,1980,11,David Michelinie,Frank Miller,Marvel,Comic
Daredevil (1964)/Daredevil (1964) #168.cbz,Daredevil (1964),Elektra,168,,1981,1,Frank Miller,Frank Miller,Marvel,Comic
Daredevil (1964)/Daredevil (1964) #169.cbz,Daredevil (1964),Devils,169,,1981,3,Frank Miller,Frank Miller,Marvel,Comic
Daredevil (1964)/Daredevil (1964) #170.cbz,Daredevil (1964),The Kingpin Must Die,170,,1981,5,Frank Miller,Frank Miller,Marvel,Comic
Daredevil (1964)/Daredevil (1964) #171.cbz,Daredevil (1964),In the Kingpin’s Clutches,171,,1981,6,Frank Miller,Frank Miller,Marvel,Comic
Daredevil (1964)/Daredevil (1964) #172.cbz,Daredevil (1964),Gang War!,172,,1981,7,Frank Miller,Frank Miller,Marvel,Comic
Daredevil (1964)/Daredevil (1964) #173.cbz,Daredevil (1964),Lady Killer,173,,1981,8,Frank Miller,Frank Miller,Marvel,Comic
Daredevil (1964)/Daredevil (1964) #174.cbz,Daredevil (1964),The Assassination of Matt Murdock,174,,1981,9,Frank Miller,Frank Miller,Marvel,Comic
Daredevil (1964)/Daredevil (1964) #175.cbz,Daredevil (1964),Gantlet,175,,1981,10,Frank Miller,Frank Miller,Marvel,Comic
Daredevil (1964)/Daredevil (1964) #176.cbz,Daredevil (1964),Hunters,176,,1981,11,Frank Miller,Frank Miller,Marvel,Comic
Daredevil (1964)/Daredevil (1964) #177.cbz,Daredevil (1964),Where Angels Fear to Tread,177,,1981,12,Frank Miller,Frank Miller,Marvel,Comic
Daredevil (1964)/Daredevil (1964) #178.cbz,Daredevil (1964),Paper Chase,178,,1982,1,Frank Miller,Frank Miller,Marvel,Comic
Daredevil (1964)/Daredevil (1964) #179.cbz,Daredevil (1964),Spiked!,179,,1982,2,Frank Miller,Frank Miller,Marvel,Comic
Daredevil (1964)/Daredevil (1964) #180.cbz,Daredevil (1964),The Damned,180,,1982,3,Frank Miller,Frank Miller,Marvel,Comic
Daredevil (1964)/Daredevil (1964) #181.cbz,Daredevil (1964),Last Hand,181,,1982,4,Frank Miller,Frank Miller,Marvel,Comic
Daredevil (1964)/Daredevil (1964) #182.cbz,Daredevil (1964),She’s Alive,182,,1982,5,Frank Miller,Frank Miller,Marvel,Comic
Daredevil (1964)/Daredevil (1964) #183.cbz,Daredevil (1964),Child’s Play,183,,1982,6,Frank Miller,Frank Miller,Marvel,Comic
Daredevil (1964)/Daredevil (1964) #184.cbz,Daredevil (1964),Good Guys Wear Red!,184,,1982,7,Frank Miller,Frank Miller,Marvel,Comic
Daredevil (1964)/Daredevil (1964) #185.cbz,Daredevil (1964),Guts,185,,1982,8,Frank Miller,Klaus Janson,Marvel,Comic
Daredevil (1964)/Daredevil (1964) #186.cbz,Daredevil (1964),Stilts,186,,1982,9,Frank Miller,Klaus Janson,Marvel,Comic
Daredevil (1964)/Daredevil (1964) #187.cbz,Daredevil (1964),Overkill,187,,1982,10,Frank Miller,Klaus Janson,Marvel,Comic
Daredevil (1964)/Daredevil (1964) #188.cbz,Daredevil (1964),The Widow’s Bite,188,,1982,11,Frank Miller,Klaus Janson,Marvel,Comic
Daredevil (1964)/Daredevil (1964) #189.cbz,Daredevil (1964),Siege,189,,1982,12,Frank Miller,Klaus Janson,Marvel,Comic
Daredevil (1964)/Daredevil (1964) #190.cbz,Daredevil (1964),Resurrection,190,,1983,1,Frank Miller,Klaus Janson,Marvel,Comic
Daredevil (1964)/Daredevil (1964) #191.cbz,Daredevil (1964),Roulette,191,,1983,2,Frank Miller,Frank Miller,Marvel,Comic
Daredevil (1964)/Daredevil (1964) #219.cbz,Daredevil (1964),Badlands,219,,1985,6,Frank Miller,John Buscema,Marvel,Comic
Daredevil (1964)/Daredevil (1964) #226.cbz,Daredevil (1964),Warriors,226,,1986,1,"Frank Miller, Dennis O’Neil",David Mazzucchelli,Marvel,Comic
Daredevil (1964)/Daredevil (1964) #227.cbz,Daredevil (1964),Apocalypse,227,,1986,2,Frank Miller,David Mazzucchelli,Marvel,Comic
Daredevil (1964)/Daredevil (1964) #228.cbz,Daredevil (1964),Purgatory,228,,1986,3,Frank Miller,David Mazzucchelli,Marvel,Comic
Daredevil (1964)/Daredevil (1964) #229.cbz,Daredevil (1964),Pariah!,229,,1986,4,Frank Miller,David Mazzucchelli,Marvel,Comic
Daredevil (1964)/Daredevil (1964) #230.cbz,Daredevil (1964),Born Again,230,,1986,5,Frank Miller,David Mazzucchelli,Marvel,Comic
Daredevil (1964)/Daredevil (1964) #231.cbz,Daredevil (1964),Saved,231,,1986,6,Frank Miller,David Mazzucchelli,Marvel,Comic
Daredevil (1964)/Daredevil (1964) #232.cbz,Daredevil (1964),God and Country,232,,1986,7,Frank Miller,David Mazzucchelli,Marvel,Comic
Daredevil (1964)/Daredevil (1964) #233.cbz,Daredevil (1964),Armageddon,233,,1986,8,Frank Miller,David Mazzucchelli,Marvel,Comic
Daredevil (2019)/Daredevil (2019) #01.cbz,Daredevil (2019),Know Fear Part 1,1,,2019,2,Chip Zdarsky,Marco Checchetto,Marvel,Comic
Daredevil (2019)/Daredevil (2019) #02.cbz,Daredevil (2019),Know Fear Part 2,2,,2019,2,Chip Zdarsky,Marco Checchetto,Marvel,Comic
Daredevil (2019)/Daredevil (2019) #03.cbz,Daredevil (2019),Know Fear Part 3,3,,2019,3,Chip Zdarsky,Marco Checchetto,Marvel,Comic
Daredevil (2019)/Daredevil (2019) #04.cbz,Daredevil (2019),Know Fear Part 4,4,,2019,4,Chip Zdarsky,Marco Checchetto,Marvel,Comic
Daredevil (2019)/Daredevil (2019) #05.cbz,Daredevil (2019),Know Fear Part 5,5,,2019,5,Chip Zdarsky,Marco Checchetto,Marvel,Comic
Daredevil (2019)/Daredevil (2019) #06.cbz,Daredevil (2019),"No Devils, Only God Part 1",6,,2019,5,Chip Zdarsky,"Lalit Kumar Sharma, Jay Leisten",Marvel,Comic
Daredevil (2019)/Daredevil (2019) #07.cbz,Daredevil (2019),"No Devils, Only God Part 2",7,,2019,6,Chip Zdarsky,"Lalit Kumar Sharma, Jay Leisten",Marvel,Comic
Daredevil (2019)/Daredevil (2019) #08.cbz,Daredevil (2019),"No Devils, Only God Part 3",8,,2019,7,Chip Zdarsky,"Lalit Kumar Sharma, Jay Leisten",Marvel,Comic
Daredevil (2019)/Daredevil (2019) #09.cbz,Daredevil (2019),"No Devils, Only God Part 4",9,,2019,8,Chip Zdarsky,"Lalit Kumar Sharma, Jay Leisten",Marvel,Comic
Daredevil (2019)/Daredevil (2019) #10.cbz,Daredevil (2019),"No Devils, Only God Part 5",10,,2019,8,Chip Zdarsky,Jorge Fornés,Marvel,Comic
Daredevil (2019)/Daredevil (2019) #11.cbz,Daredevil (2019),Through Hell Part 1,11,,2019,9,Chip Zdarsky,Marco Checchetto,Marvel,Comic
Daredevil (2019)/Daredevil (2019) #12.cbz,Daredevil (2019),Through Hell Part 2,12,,2019,10,Chip Zdarsky,Marco Checchetto,Marvel,Comic
Daredevil (2019)/Daredevil (2019) #13.cbz,Daredevil (2019),Through Hell Part 3,13,,2019,11,Chip Zdarsky,Marco Checchetto,Marvel,Comic
Daredevil (2019)/Daredevil (2019) #14.cbz,Daredevil (2019),Through Hell Part 4,14,,2019,12,Chip Zdarsky,"Marco Checchetto, Francesco Mobili",Marvel,Comic
Daredevil (2019)/Daredevil (2019) #15.cbz,Daredevil (2019),Through Hell Part 5,15,,2019,12,Chip Zdarsky,"Marco Checchetto, Francesco Mobili",Marvel,Comic
Daredevil (2019)/Daredevil (2019) #16.cbz,Daredevil (2019),Through Hell Part 6,16,,2020,1,Chip Zdarsky,Jorge Fornés,Marvel,Comic
Daredevil (2019)/Daredevil (2019) #17.cbz,Daredevil (2019),Through Hell Part 7,17,,2020,2,Chip Zdarsky,Jorge Fornés,Marvel,Comic
Daredevil (2019)/Daredevil (2019) #18.cbz,Daredevil (2019),Through Hell Part 8,18,,2020,2,Chip Zdarsky,Jorge Fornés,Marvel,Comic
Daredevil (2019)/Daredevil (2019) #19.cbz,Daredevil (2019),Inferno Part 1,19,,2020,3,Chip Zdarsky,Marco Checchetto,Marvel,Comic
Daredevil (2019)/Daredevil (2019) #20.cbz,Daredevil (2019),Inferno Part 2,20,,2020,6,Chip Zdarsky,Marco Checchetto,Marvel,Comic
Daredevil (2019)/Daredevil (2019) #21.cbz,Daredevil (2019),Truth/Dare Part 1,21,,2020,7,Chip Zdarsky,Marco Checchetto,Marvel,Comic
Daredevil (2019)/Daredevil (2019) #22.cbz,Daredevil (2019),Truth/Dare Part 2,22,,2020,9,Chip Zdarsky,Francesco Mobili,Marvel,Comic
Daredevil (2019)/Daredevil (2019) #23.cbz,Daredevil (2019),Truth/Dare Part 3,23,,2020,10,Chip Zdarsky,Marco Checchetto,Marvel,Comic
Daredevil (2019)/Daredevil (2019) #24.cbz,Daredevil (2019),Truth/Dare Part 4,24,,2020,11,Chip Zdarsky,Mike Hawthorne,Marvel,Comic
Daredevil (2019)/Daredevil (2019) #25.cbz,Daredevil (2019),The Red Fist,25,,2020,12,Chip Zdarsky,Marco Checchetto,Marvel,Comic
Daredevil (2019)/Daredevil (2019) #26.cbz,Daredevil (2019),The Black Kitchen Part 1,26,,2021,1,Chip Zdarsky,"Marco Checchetto, Mike Hawthorne",Marvel,Comic
Daredevil (2019)/Daredevil (2019) #27.cbz,Daredevil (2019),The Black Kitchen Part 2,27,,2021,2,Chip Zdarsky,"Marco Checchetto, Mike Hawthorne",Marvel,Comic
Daredevil (2019)/Daredevil (2019) #28.cbz,Daredevil (2019),"Are You Ok?",28,,2021,3,Chip Zdarsky,Marco Checchetto,Marvel,Comic
Daredevil (2019)/Daredevil (2019) #29.cbz,Daredevil (2019),Doing Time Part 1,29,,2021,4,Chip Zdarsky,Marco Checchetto,Marvel,Comic
Daredevil (2019)/Daredevil (2019) #30.cbz,Daredevil (2019),Doing Time Part 2,30,,2021,5,Chip Zdarsky,"Marco Checchetto, Mike Hawthorne",Marvel,Comic
Daredevil (2019)/Daredevil (2019) #31.cbz,Daredevil (2019),Lockdown Part 1,31,,2021,6,Chip Zdarsky,Mike Hawthorne,Marvel,Comic
Daredevil (2019)/Daredevil (2019) #32.cbz,Daredevil (2019),Lockdown Part 2,32,,2021,7,Chip Zdarsky,Mike Hawthorne,Marvel,Comic
Daredevil (2019)/Daredevil (2019) #33.cbz,Daredevil (2019),Lockdown Part 3,33,,2021,8,Chip Zdarsky,Marco Checchetto,Marvel,Comic
Daredevil (2019)/Daredevil (2019) #34.cbz,Daredevil (2019),Lockdown Part 4,34,,2021,9,Chip Zdarsky,Stefano Landini,Marvel,Comic
Daredevil (2019)/Daredevil (2019) Annual #1.cbz,Daredevil (2019),One More Day,1,,2020,10,Chip Zdarsky,Manuel Garcia,Marvel,Comic
Daredevil by Bendis and Maleev Ultimate Collection/Volume #01.cbz,Daredevil by Bendis and Maleev Ultimate Collection,Volume #01,1,"Daredevil (1998) #16-19, #26-40",2018,,Brian Michael Bendis,"Alex Maleev, Manuel Gutierrez, Terry Dodson, Rachel Dodson",Marvel,Trade Paperback
Daredevil by Bendis and Maleev Ultimate Collection/Volume #02.cbz,Daredevil by Bendis and Maleev Ultimate Collection,Volume #02,2,"Daredevil (1998) #41-50, #56-65",2018,,Brian Michael Bendis,Alex Maleev,Marvel,Trade Paperback
Daredevil by Bendis and Maleev Ultimate Collection/Volume #03.cbz,Daredevil by Bendis and Maleev Ultimate Collection,Volume #03,3,"Daredevil (1998) #66-81, What if Karen Page Had Lived? (2004), & Ultimate Marvel Team-Up (2001) #6-8",2018,,Brian Michael Bendis,Alex Maleev,Marvel,Trade Paperback
Daredevil Masterworks/Volume #01.cbz,Daredevil Masterworks,Volume #01,1,Daredevil (1964) #1-11,2017,,"Stan Lee, Wallace Wood","Wallace Wood, Bill Everett, Joe Orlando, Bob Powell",Marvel,Hardcover
Daredevil Masterworks/Volume #02.cbz,Daredevil Masterworks,Volume #02,2,Daredevil (1964) #12-21,2015,,"Stan Lee, Dennis O’Neil","John Romita, Gene Colan, Jack Kirby",Marvel,Hardcover
Daredevil Masterworks/Volume #03.cbz,Daredevil Masterworks,Volume #03,3,"Daredevil (1964) #22-32, Annual #1",2016,,Stan Lee,Gene Colan,Marvel,Hardcover
Daredevil Masterworks/Volume #04.cbz,Daredevil Masterworks,Volume #04,4,Daredevil (1964) #33-41 & The Fantastic Four (1961) #73,2016,,Stan Lee,"Gene Colan, Jack Kirby",Marvel,Hardcover
Daredevil Masterworks/Volume #05.cbz,Daredevil Masterworks,Volume #05,5,Daredevil (1964) #42-53,2016,,"Stan Lee, Roy Thomas","Gene Colan, Barry Windsor-Smith",Marvel,Hardcover
Daredevil Masterworks/Volume #06.cbz,Daredevil Masterworks,Volume #06,6,Daredevil (1964) #54-63,2016,,Roy Thomas,Gene Colan,Marvel,Hardcover
Daredevil Masterworks/Volume #07.cbz,Daredevil Masterworks,Volume #07,7,Daredevil (1964) #64-74 & The Invincible Iron Man (1968) #35-36,2016,,"Roy Thomas, Gerry Conway, Gary Friedrich, Allyn Brodsky","Gene Colan, Don Heck",Marvel,Hardcover
Daredevil Masterworks/Volume #08.cbz,Daredevil Masterworks,Volume #08,8,Daredevil (1964) #75-84 & Amazing Adventures (1970) #1-8,2016,,"Gerry Conway, Gary Friedrich, Mimi Gold, Roy Thomas","Gene Colan, Alan Weiss, Barry Windsor-Smith, John Buscema, Don Heck",Marvel,Hardcover
Daredevil Masterworks/Volume #09.cbz,Daredevil Masterworks,Volume #09,9,Daredevil (1964) #85-96,2015,,Gerry Conway,Gene Colan,Marvel,Hardcover
Daredevil Masterworks/Volume #10.cbz,Daredevil Masterworks,Volume #10,10,Daredevil (1964) #97-107 & The Avengers (1963) #111,2016,,"Steve Gerber, Gerry Conway, Chris Claremont, Steve Englehart","Gene Colan, Don Heck, Sam Kweskin, Rich Buckler, Syd Shores, Jim Starlin, Bob Brown",Marvel,Hardcover
Daredevil Masterworks/Volume #11.cbz,Daredevil Masterworks,Volume #11,11,Daredevil (1964) #108-119 & Marvel Two-In-One (1974) #3,2017,,"Steve Gerber, Chris Claremont, Gerry Conway, Tony Isabella","Bob Brown, Gene Colan, Don Heck, Sal Buscema",Marvel,Hardcover
Daredevil Masterworks/Volume #12.cbz,Daredevil Masterworks,Volume #12,12,Daredevil (1964) #120-132,2018,,"Tony Isabella, Marv Wolfman, Len Wein","Bob Brown, Gene Colan",Marvel,Hardcover
Daredevil Masterworks/Volume #13.cbz,Daredevil Masterworks,Volume #13,13,"Daredevil (1964) #133-143, Annual #4 & Ghost Rider (1973) #20",2019,,"Marv Wolfman, Bill Mantlo, Jim Shooter, Chris Claremont","Bob Brown, John Buscema, John Byrne, Sal Buscema, Gil Kane, George Tuska",Marvel,Hardcover
Daredevil Masterworks/Volume #14.cbz,Daredevil Masterworks,Volume #14,14,Daredevil (1964) #144-158,2020,,"Jim Shooter, Roger McKenzie, Gerry Conway, Gil Kane, Jo Duffy","Gil Kane, Gene Colan, Carmine Infantino, Frank Miller, Lee Elias, George Tuska, Frank Robbins",Marvel,Hardcover
Daredevil Masterworks/Volume #15.cbz,Daredevil Masterworks,Volume #15,15,Daredevil (1964) #159-172 & Bizarre Adventures (1981) #25,2021,,"Roger McKenzie, Frank Miller, Michael Fleisher, David Michelinie, Ralph Macchio",Frank Miller,Marvel,Hardcover
Daredevil- The Man Without Fear (1993)/Daredevil- The Man Without Fear (1993) #01.cbz,Daredevil: The Man Without Fear (1993),Part 1,1,,1993,10,Frank Miller,John Romita Jr.,Marvel,Comic
Daredevil- The Man Without Fear (1993)/Daredevil- The Man Without Fear (1993) #02.cbz,Daredevil: The Man Without Fear (1993),Part 2,2,,1993,11,Frank Miller,John Romita Jr.,Marvel,Comic
Daredevil- The Man Without Fear (1993)/Daredevil- The Man Without Fear (1993) #03.cbz,Daredevil: The Man Without Fear (1993),Part 3,3,,1993,12,Frank Miller,John Romita Jr.,Marvel,Comic
Daredevil- The Man Without Fear (1993)/Daredevil- The Man Without Fear (1993) #04.cbz,Daredevil: The Man Without Fear (1993),Part 4,4,,1994,1,Frank Miller,John Romita Jr.,Marvel,Comic
Daredevil- The Man Without Fear (1993)/Daredevil- The Man Without Fear (1993) #05.cbz,Daredevil: The Man Without Fear (1993),Part 5,5,,1994,2,Frank Miller,John Romita Jr.,Marvel,Comic
Dark Blood (2021)/Volume #01.cbz,Dark Blood (2021),Volume #01,1,Dark Blood (2021) #1-6,2022,,Latoya Morgan,"Walt Barna, Moisés Hidalgo",Boom,Trade Paperback
Dawn of the Planet of the Apes (2015)/Volume #01.cbz,Dawn of the Planet of the Apes (2015),Volume #01,1,Dawn of the Planet of the Apes (2014) #1-6,2015,,Michael Moreci,Dan McDaid,Boom,Trade Paperback
Destroyer (2020)/Volume #01.cbz,Destroyer (2020),Volume #01,1,Destroyer (2020) #1-6,2020,,Victor LaValle,Dietrich Smith,Boom,Trade Paperback
Disney Masters/Volume #01 - Mickey Mouse- The Delta Dimension.cbz,Disney Masters,Mickey Mouse: The Delta Dimension,1,,2018,,Romano Scarpa,Romano Scarpa,Fantagraphics,Hardcover
Disney Masters/Volume #02 - Donald Duck- Uncle Scrooge's Money Rocket.cbz,Disney Masters,Donald Duck: Uncle Scrooge's Money Rocket,2,,2018,,Luciano Bottaro,Luciano Bottaro,Fantagraphics,Hardcover
Disney Masters/Volume #03 - Mickey Mouse- The Case of the Vanishing Bandit.cbz,Disney Masters,Mickey Mouse: The Case of the Vanishing Bandit,3,,2018,,Paul Murry,Paul Murry,Fantagraphics,Hardcover
Disney Masters/Volume #04 - Donald Duck- The Great Survival Test.cbz,Disney Masters,Donald Duck: The Great Survival Test,4,,2018,,"Daan Jippes, Freddy Milton","Daan Jippes, Freddy Milton",Fantagraphics,Hardcover
Disney Masters/Volume #05 - Mickey Mouse- The Phantom Blot's Double Mystery.cbz,Disney Masters,Mickey Mouse: The Phantom Blot's Double Mystery,5,,2018,,Romano Scarpa,Romano Scarpa,Fantagraphics,Hardcover
Disney Masters/Volume #06 - Uncle Scrooge- King of the Golden River.cbz,Disney Masters,Uncle Scrooge: King of the Golden River,6,,2019,,Giovan Battista Carpi,Giovan Battista Carpi,Fantagraphics,Hardcover
Disney Masters/Volume #07 - Mickey Mouse- The Pirates of Tabasco Bay.cbz,Disney Masters,Mickey Mouse: The Pirates of Tabasco Bay,7,,2019,,Paul Murry,Paul Murry,Fantagraphics,Hardcover
Disney Masters/Volume #08 - Donald Duck- Duck Avenger Strikes Again.cbz,Disney Masters,Donald Duck: Duck Avenger Strikes Again,8,,2019,,Romano Scarpa,Romano Scarpa,Fantagraphics,Hardcover
Disney Masters/Volume #09 - Mickey Mouse- The Ice Sword Saga Book I.cbz,Disney Masters,Mickey Mouse: The Ice Sword Saga Book I,9,,2019,,Massimo De Vita,Massimo De Vita,Fantagraphics,Hardcover
Disney Masters/Volume #10 - Mickey Mouse- Scandal on the Epoch Express.cbz,Disney Masters,Mickey Mouse: Scandal on the Epoch Express,10,,2020,,"Bas Heymans, Mau Heymans","Bas Heymans, Mau Heymans",Fantagraphics,Hardcover
Disney Masters/Volume #11 - Mickey Mouse- The Ice Sword Saga Book II.cbz,Disney Masters,Mickey Mouse: The Ice Sword Saga Book II,11,,2020,,Massimo De Vita,Massimo De Vita,Fantagraphics,Hardcover
Disney Masters/Volume #12 - Donald Duck- The Forgetful Hero.cbz,Disney Masters,Donald Duck: The Forgetful Hero,12,,2020,,Giorgio Cavazzano,Giorgio Cavazzano,Fantagraphics,Hardcover
Disney Masters/Volume #13 - Mickey Mouse- The Sunken City.cbz,Disney Masters,Mickey Mouse: The Sunken City,13,,2020,,Paul Murry,Paul Murry,Fantagraphics,Hardcover
Disney Masters/Volume #14 - Donald Duck- Follow the Fearless Leader.cbz,Disney Masters,Donald Duck: Follow the Fearless Leader,14,,2020,,Al Hubbard,Al Hubbard,Fantagraphics,Hardcover
Disney Masters/Volume #15 - Mickey Mouse- New Adventures of the Phantom Blot.cbz,Disney Masters,Mickey Mouse: New Adventures of the Phantom Blot,15,,2021,,Paul Murry,Paul Murry,Fantagraphics,Hardcover
Disney Masters/Volume #16 - Donald Duck- Jumpin' Jupiter.cbz,Disney Masters,Donald Duck: Jumpin' Jupiter,16,,2021,,Luciano Bottaro,Luciano Bottaro,Fantagraphics,Hardcover
Doctor Strange- Epic Collection/Volume #01 - Master of the Mystic Arts.cbz,Doctor Strange: Epic Collection,Master of the Mystic Arts,1,"Strange Tales (1951) #110-111, #114-146, & Amazing Spider-Man (1964) Annual #2",2018,,"Stan Lee, Roy Thomas, Dennis O’Neil",Steve Ditko,Marvel,Trade Paperback
Doctor Strange- Epic Collection/Volume #03 - A Separate Reality.cbz,Doctor Strange: Epic Collection,A Separate Reality,3,"Doctor Strange (1968) #180-183, Sub-Mariner (1968) #22, Incredible Hulk (1962) #126, Marvel Feature (1971) #1, Marvel Premiere (1972) #3-14, & Doctor Strange (1974) #1-5",2020,,"Roy Thomas, Steve Englehart, Gardner Fox, Stan Lee, Barry Windsor-Smith, Archie Goodwin, Mike Friedrich, Frank Brunner","Gene Colan, Frank Brunner, Barry Windsor-Smith, Herb Trimpe, Marie Severin, Sam Kweskin, P. Craig Russell, Jim Starlin, Don Heck",Marvel,Trade Paperback
Doctor Strange- Epic Collection/Volume #04 - Alone Against Eternity.cbz,Doctor Strange: Epic Collection,Alone Against Eternity,4,"Doctor Strange (1974) #6-28, Annual #1 & Tomb of Dracula (1972) #44",2021,,"Steve Englehart, Marv Wolfman, Jim Starlin, P. Craig Russell, Roger Stern","Gene Colan, P. Craig Russell, Alfredo Alcala, Rudy Nebres, Jim Starlin, Al Milgrom, Tom Sutton",Marvel,Trade Paperback
Doctor Strange- Epic Collection/Volume #08 - Triumph and Torment.cbz,Doctor Strange: Epic Collection,Triumph and Torment,8,"Doctor Strange, Sorcerer Supreme (1988) #1-13 & Marvel Graphic Novel: Doctor Strange and Doctor Doom - Triumph and Torment",2019,,"Peter B. Gillis, Roy Thomas, Dann Thomas, Jean-Marc Lofficier, Roger Stern","Richard Case, Butch Guice, Mike Mignola, Tom Sutton, David Day, Dan Day",Marvel,Trade Paperback
Doctor Strange- Epic Collection/Volume #09 - The Vampiric Verses.cbz,Doctor Strange: Epic Collection,The Vampiric Verses,9,"Doctor Strange, Sorcerer Supreme (1988) #14-33 & Ghost Rider (1990) #12",2021,,"Roy Thomas, Dann Thomas, Jean-Marc Lofficier, Randy Lofficier, Fabian Nicieza, Howard Mackie","Butch Guice, Geof Isherwood, Gene Colan, Ron Lim, Chris Marrinan, Javier Saltares, David Day, Dan Day, Jim Valentino, Lee Weeks, Tony DeZuniga, Larry Alexander",Marvel,Trade Paperback
Doctor Strange- Epic Collection/Volume #13 - Afterlife.cbz,Doctor Strange: Epic Collection,Afterlife,13,"Strange Tales (1994) #1, Doctor Strange, Sorcerer Supreme (1988) #76-90, Ashcan Edition, & Doctor Strange: What is it That Disturbs You, Stephen? (1997)",2017,,"Kurt Busiek, David Quinn, Evan Skolnick, Warren Ellis, Todd Dezago, J.M. DeMatteis, Marc Andreyko","Ricardo Villagran, Peter Gross, Richard Pace, Marie Severin, Mark Buckingham, Patch Zircher, Pasqual Ferry, P. Craig Russell, Gary Frank",Marvel,Trade Paperback
DuckTales (2018)/DuckTales (2018) #00.cbz,DuckTales (2018),Treasure Trove,0,DuckTales (2018) #0-2,2018,2,"Joe Caramagna, Joey Cavalieri","Andrea Greppi, Gianfranco Florio, Luca Usai",IDW,Comic
DuckTales (2018)/DuckTales (2018) #03.cbz,DuckTales (2018),Cheating Like Nostradogmus! & Beware of the Phenomenal Pumpkin People!,3,,2017,11,Joey Cavalieri,"Luca Usai, Graziano Barbaro, Andrea Greppi, Roberta Zanotta",IDW,Comic
DuckTales (2018)/DuckTales (2018) #04.cbz,DuckTales (2018),"Happy, Happy Valley! & Fight!",4,,2017,12,"Joey Cavalieri, Joe Caramagna","Luca Usai, Graziano Barbaro, Andrea Greppi, Roberta Zanotta",IDW,Comic
DuckTales (2018)/DuckTales (2018) #05.cbz,DuckTales (2018),"Go, Go, Golden Years! & A Series of Unfortunate Substitutions!",5,,2018,1,"Joey Cavalieri, Joe Caramagna","Emilio Urbano, Andrea Greppi, Michela Frare, Cristina Stella, Antonello Dalena, Manuela Razzi, Gianfranco Florio, Roberto Zanotta",IDW,Comic
DuckTales (2018)/DuckTales (2018) #06.cbz,DuckTales (2018),Welcome to Beagle Island & The Giant Butterfly of Duckburg,6,,2018,2,"Joey Cavalieri, Joe Caramagna","Gianfranco Florio, Graziano Barbaro, Marco Ghiaione, Michela Frare",IDW,Comic
DuckTales (2018)/DuckTales (2018) #07.cbz,DuckTales (2018),There is No Place Like a Ghost Town! & The Stone of Truth!,7,,2018,3,Joe Caramagna,"Luca Usai, Antonello Dalena, Andrea Greppi, Gianfranco Florio, Michela Frare",IDW,Comic
DuckTales (2018)/DuckTales (2018) #08.cbz,DuckTales (2018),The Beast in the Board Room! & Sleep (Walk) of Doom!,8,,2018,4,"Joe Caramagna, Steve Behling","Luca Usai, Gianfranco Florio",IDW,Comic
DuckTales (2018)/DuckTales (2018) #09.cbz,DuckTales (2018),The Risk McDuck Refused! & The Frightful Family Fishing Trip!,9,,2018,5,"Joey Cavalieri, Steve Behling, Alessandro Ferrari","Gianfranco Florio, Ciro Cangialosi, Cristina Stella",IDW,Comic
DuckTales (2018)/DuckTales (2018) #10.cbz,DuckTales (2018),A Hedge Enigma! & The Twisted Tale of the Two-Headed Horse!,10,,2018,6,"Steve Behling, Joe Caramagna","Emilio Urbano, Luca Usai, Ciro Cangialosi, Cristina Giorgilli",IDW,Comic
DuckTales (2018)/DuckTales (2018) #11.cbz,DuckTales (2018),Horror in the Highlands! & Nightmare on Bear Mountain!,11,,2018,7,"Joey Cavalieri, Steve Behling","Luca Usai, Antonello Dalena, Danilo Liozedda, Cristina Stella",IDW,Comic
DuckTales (2018)/DuckTales (2018) #12.cbz,DuckTales (2018),"The Greatest Adventure, The Greatest Price! & When Luck Ran Out!",12,,2018,8,"Joey Cavalieri, Steve Behling","Emilio Urbano, Andrea Greppi, Cristina Stella, Gianfranco Florio",IDW,Comic
DuckTales (2018)/DuckTales (2018) #13.cbz,DuckTales (2018),Countdown to Termination! & The Mighty Ducks of Duckburg!,13,,2018,9,Joe Caramagna,"Ciro Cangialosi, Andrea Greppi, Cristina Stella, Luca Usai",IDW,Comic
DuckTales (2018)/DuckTales (2018) #14.cbz,DuckTales (2018),The Monsters Are Due at McDuck Manor!,14,,2018,10,Steve Behling,Gianfranco Florio,IDW,Comic
DuckTales (2018)/DuckTales (2018) #15.cbz,DuckTales (2018),The Greatest Invention He’s Never Had!,15,,2018,11,Joe Caramagna,"Ciro Cangialosi, Danilo Liozedda, Cristina Stella, Luca Usai",IDW,Comic
DuckTales (2018)/DuckTales (2018) #16.cbz,DuckTales (2018),The Incredible Shrinking Webby!,16,,2018,12,Steve Behling,Gianfranco Florio,IDW,Comic
DuckTales (2018)/DuckTales (2018) #17.cbz,DuckTales (2018),Marooned in Mystery Mansion!,17,,2019,1,Joey Cavalieri,"Ciro Cangialosi, Danilo Liozedda, Cristina Stella, Luca Usai",IDW,Comic
DuckTales (2018)/DuckTales (2018) #18.cbz,DuckTales (2018),Money-Grubbing Hooligans from the Deep,18,,2019,2,Joe Caramagna,"Emilio Urbano, Gianfranco Florio",IDW,Comic
DuckTales (2018)/DuckTales (2018) #19.cbz,DuckTales (2018),Flintheart… McDuck?!?,19,,2019,3,Steve Behling,"Emilio Urbano, Gianfranco Florio",IDW,Comic
DuckTales (2018)/DuckTales (2018) #20.cbz,DuckTales (2018),Saga of the Super Intern!,20,,2019,4,Joe Caramagna,"Luca Usai, Ciro Cangialosi, Cristina Stella, Danilo Liozedda",IDW,Comic
Eve (2022)/Volume #01.cbz,Eve (2022),Volume #01,1,Eve (2022) #1-5,2022,,Victor LaValle,Jo Mi-Gyeong,Boom,Trade Paperback
Eve- Children of the Moon (2023)/Volume #01.cbz,Eve: Children of the Moon (2023),Volume #01,1,Eve: Children of the Moon (2023) #1-5,2023,,Victor LaValle,Jo Mi-Gyeong,Boom,Trade Paperback
Fence (2018)/Volume #01.cbz,Fence (2018),Volume #01,1,Fence (2017) #1-4,2018,7,C.S. Pacat,Johanna the Mad,Boom,Trade Paperback
Fence (2018)/Volume #02.cbz,Fence (2018),Volume #02,2,Fence (2017) #5-8,2019,1,C.S. Pacat,Johanna the Mad,Boom,Trade Paperback
Fence (2018)/Volume #03.cbz,Fence (2018),Volume #03,3,Fence (2017) #9-12,2019,3,C.S. Pacat,Johanna the Mad,Boom,Trade Paperback
Fence (2018)/Volume #04 - Rivals.cbz,Fence (2018),Rivals,4,,2020,5,C.S. Pacat,Johanna the Mad,Boom,Trade Paperback
Godshaper (2018)/Volume #01.cbz,Godshaper (2018),Volume #01,1,Godshaper (2018) #1-6,2018,,Simon Spurrier,Jonas Goonface,Boom,Trade Paperback
Gotham Academy (2014)/Volume #01 - Welcome to Gotham Academy.cbz,Gotham Academy (2014),Welcome to Gotham Academy,1,Gotham Academy (2014) #1-6,2015,,"Becky Cloonan, Brenden Fletcher",Karl Kerschl,DC,Trade Paperback
Gotham Academy (2014)/Volume #02 - Calamity.cbz,Gotham Academy (2014),Calamity,2,Gotham Academy (2014) #7-12,2016,,"Becky Cloonan, Brenden Fletcher","Karl Kerschl, Mingjue Helen Chen",DC,Trade Paperback
Gotham Academy (2014)/Volume #03 - Yearbook.cbz,Gotham Academy (2014),Yearbook,3,"Gotham Academy (2014) #13-18, Annual #1",2016,,Brenden Fletcher,Adam Archer,DC,Trade Paperback
Higher Earth (2012)/Volume #01.cbz,Higher Earth (2012),Volume #01,1,Higher Earth (2012) #1-5,2012,,Sam Humphries,"Francesco Biagini, Manuel Bracchi, Joe Eisma",Boom,Trade Paperback
Incredibles 2- Crisis in Mid-Life and Other Stories (2018)/Incredibles 2- Crisis in Mid-Life and Other Stories (2018) #01.cbz,Incredibles 2: Crisis in Mid-Life and Other Stories (2018),"Crisis in Mid-Life!, Bedtime Story, & A Relaxing Day at the Park",1,"Crisis in Mid-Life! (1 of 3), Bedtime Story (1 or 3), & A Relaxing Day at the Park",2018,7,"Christos Gage, Landry Q. Walker","Gurihiru, J Bone, Andrea Greppi",Dark Horse,Comic
Incredibles 2- Crisis in Mid-Life and Other Stories (2018)/Incredibles 2- Crisis in Mid-Life and Other Stories (2018) #02.cbz,Incredibles 2: Crisis in Mid-Life and Other Stories (2018),"Crisis in Mid-Life!, Bedtime Story, & How the Cookie Crumbles",2,"Crisis in Mid-Life! (2 of 3), Bedtime Story (2 or 3), & How the Cookie Crumbles",2018,8,"Christos Gage, Landry Q. Walker","Gurihiru, J Bone, Andrea Greppi",Dark Horse,Comic
Incredibles 2- Crisis in Mid-Life and Other Stories (2018)/Incredibles 2- Crisis in Mid-Life and Other Stories (2018) #03.cbz,Incredibles 2: Crisis in Mid-Life and Other Stories (2018),Crisis in Mid-Life! & Bedtime Story,3,Crisis in Mid-Life! (3 of 3) & Bedtime Story (3 or 3),2018,9,Christos Gage,"Gurihiru, J Bone",Dark Horse,Comic
Incredibles 2- Secret Identities (2019)/Incredibles 2- Secret Identities (2019) #01.cbz,Incredibles 2: Secret Identities (2019),Part 1,1,,2019,4,Christos Gage,Jean-Claudio Vinci,Dark Horse,Comic
Incredibles 2- Secret Identities (2019)/Incredibles 2- Secret Identities (2019) #02.cbz,Incredibles 2: Secret Identities (2019),Part 2,2,,2019,5,Christos Gage,Jean-Claudio Vinci,Dark Horse,Comic
Incredibles 2- Secret Identities (2019)/Incredibles 2- Secret Identities (2019) #03.cbz,Incredibles 2: Secret Identities (2019),Part 3,3,,2019,6,Christos Gage,Jean-Claudio Vinci,Dark Horse,Comic
John Wick (2017)/John Wick (2017) #01.cbz,John Wick (2017),Part 1,1,,2017,,Greg Pak,Giovanni Valletta,Dynamite,Comic
John Wick (2017)/John Wick (2017) #02.cbz,John Wick (2017),Part 2,2,,2017,,Greg Pak,Giovanni Valletta,Dynamite,Comic
John Wick (2017)/John Wick (2017) #03.cbz,John Wick (2017),Part 3,3,,2018,,Greg Pak,Matt Gaudio,Dynamite,Comic
John Wick (2017)/John Wick (2017) #04.cbz,John Wick (2017),Part 4,4,,2018,,Greg Pak,Matt Gaudio,Dynamite,Comic
John Wick (2017)/John Wick (2017) #05.cbz,John Wick (2017),Part 5,5,,2019,,Greg Pak,Matt Gaudio,Dynamite,Comic
Joyride (2016)/Volume #01.cbz,Joyride (2016),Volume #01,1,Joyride (2016) #1-4,2016,,"Jackson Lanzing, Collin Kelly",Marcus To,Boom,Trade Paperback
Kong on the Planet of the Apes (2017)/Kong on the Planet of the Apes (2017) #01.cbz,Kong on the Planet of the Apes (2017),Part 1,1,,2017,11,Ryan Ferrier,Carlos Magno,Boom,Comic
Kong on the Planet of the Apes (2017)/Kong on the Planet of the Apes (2017) #02.cbz,Kong on the Planet of the Apes (2017),Part 2,2,,2017,12,Ryan Ferrier,Carlos Magno,Boom,Comic
Kong on the Planet of the Apes (2017)/Kong on the Planet of the Apes (2017) #03.cbz,Kong on the Planet of the Apes (2017),Part 3,3,,2018,1,Ryan Ferrier,Carlos Magno,Boom,Comic
Kong on the Planet of the Apes (2017)/Kong on the Planet of the Apes (2017) #04.cbz,Kong on the Planet of the Apes (2017),Part 4,4,,2018,2,Ryan Ferrier,Carlos Magno,Boom,Comic
Kong on the Planet of the Apes (2017)/Kong on the Planet of the Apes (2017) #05.cbz,Kong on the Planet of the Apes (2017),Part 5,5,,2018,3,Ryan Ferrier,Carlos Magno,Boom,Comic
Kong on the Planet of the Apes (2017)/Kong on the Planet of the Apes (2017) #06.cbz,Kong on the Planet of the Apes (2017),Part 6,6,,2018,4,Ryan Ferrier,Carlos Magno,Boom,Comic
Lone Wolf and Cub (1995)/Volume #01 - The Assassin's Road.cbz,Lone Wolf and Cub (1995),The Assassin's Road,1,,1995,,Kazuo Koike,Goseki Kojima,Dark Horse,Comic
Lone Wolf and Cub (1995)/Volume #02 - The Gateless Barrier.cbz,Lone Wolf and Cub (1995),The Gateless Barrier,2,,1995,,Kazuo Koike,Goseki Kojima,Dark Horse,Comic
Lone Wolf and Cub (1995)/Volume #03 - The Flute of The Fallen Tiger.cbz,Lone Wolf and Cub (1995),The Flute of The Fallen Tiger,3,,1995,,Kazuo Koike,Goseki Kojima,Dark Horse,Comic
Lone Wolf and Cub (1995)/Volume #04 - The Bell Warden.cbz,Lone Wolf and Cub (1995),The Bell Warden,4,,1995,,Kazuo Koike,Goseki Kojima,Dark Horse,Comic
Lone Wolf and Cub (1995)/Volume #05 - Black Wind.cbz,Lone Wolf and Cub (1995),Black Wind,5,,1995,,Kazuo Koike,Goseki Kojima,Dark Horse,Comic
Lone Wolf and Cub (1995)/Volume #06 - Lanterns for the Dead.cbz,Lone Wolf and Cub (1995),Lanterns for the Dead,6,,1995,,Kazuo Koike,Goseki Kojima,Dark Horse,Comic
"Lone Wolf and Cub (1995)/Volume #07 - Cloud Dragon, Wind Tiger.cbz",Lone Wolf and Cub (1995),"Cloud Dragon, Wind Tiger",7,,1995,,Kazuo Koike,Goseki Kojima,Dark Horse,Comic
Lone Wolf and Cub (1995)/Volume #08 - Chains of Death.cbz,Lone Wolf and Cub (1995),Chains of Death,8,,1995,,Kazuo Koike,Goseki Kojima,Dark Horse,Comic
Lone Wolf and Cub (1995)/Volume #09 - Echo of the Assassin.cbz,Lone Wolf and Cub (1995),Echo of the Assassin,9,,1995,,Kazuo Koike,Goseki Kojima,Dark Horse,Comic
Lone Wolf and Cub (1995)/Volume #10 - Hostage Child.cbz,Lone Wolf and Cub (1995),Hostage Child,10,,1995,,Kazuo Koike,Goseki Kojima,Dark Horse,Comic
Lone Wolf and Cub (1995)/Volume #11 - Talisman of Hades.cbz,Lone Wolf and Cub (1995),Talisman of Hades,11,,1995,,Kazuo Koike,Goseki Kojima,Dark Horse,Comic
Lone Wolf and Cub (1995)/Volume #12 - Shattered Stones.cbz,Lone Wolf and Cub (1995),Shattered Stones,12,,1995,,Kazuo Koike,Goseki Kojima,Dark Horse,Comic
"Lone Wolf and Cub (1995)/Volume #13 - The Moon in the East, The Sun in the West.cbz",Lone Wolf and Cub (1995),"The Moon in the East, The Sun in the West",13,,1995,,Kazuo Koike,Goseki Kojima,Dark Horse,Comic
Lone Wolf and Cub (1995)/Volume #14 - Day of the Demons.cbz,Lone Wolf and Cub (1995),Day of the Demons,14,,1995,,Kazuo Koike,Goseki Kojima,Dark Horse,Comic
Lone Wolf and Cub (1995)/Volume #15 - Brothers of the Grass.cbz,Lone Wolf and Cub (1995),Brothers of the Grass,15,,1995,,Kazuo Koike,Goseki Kojima,Dark Horse,Comic
Lone Wolf and Cub (1995)/Volume #16 - Gateway into Winter.cbz,Lone Wolf and Cub (1995),Gateway into Winter,16,,1995,,Kazuo Koike,Goseki Kojima,Dark Horse,Comic
Lone Wolf and Cub (1995)/Volume #17 - The Will of the Fang.cbz,Lone Wolf and Cub (1995),The Will of the Fang,17,,1995,,Kazuo Koike,Goseki Kojima,Dark Horse,Comic
Lone Wolf and Cub (1995)/Volume #18 - Twilight of the Kurokuwa.cbz,Lone Wolf and Cub (1995),Twilight of the Kurokuwa,18,,1995,,Kazuo Koike,Goseki Kojima,Dark Horse,Comic
Lone Wolf and Cub (1995)/Volume #19 - The Moon in Our Hearts.cbz,Lone Wolf and Cub (1995),The Moon in Our Hearts,19,,1995,,Kazuo Koike,Goseki Kojima,Dark Horse,Comic
Lone Wolf and Cub (1995)/Volume #20 - A Taste of Poison.cbz,Lone Wolf and Cub (1995),A Taste of Poison,20,,1995,,Kazuo Koike,Goseki Kojima,Dark Horse,Comic
Lone Wolf and Cub (1995)/Volume #21 - Fragrance of Death.cbz,Lone Wolf and Cub (1995),Fragrance of Death,21,,1995,,Kazuo Koike,Goseki Kojima,Dark Horse,Comic
Lone Wolf and Cub (1995)/Volume #22 - Heaven and Earth.cbz,Lone Wolf and Cub (1995),Heaven and Earth,22,,1995,,Kazuo Koike,Goseki Kojima,Dark Horse,Comic
Lone Wolf and Cub (1995)/Volume #23 - Tears of Ice.cbz,Lone Wolf and Cub (1995),Tears of Ice,23,,1995,,Kazuo Koike,Goseki Kojima,Dark Horse,Comic
Lone Wolf and Cub (1995)/Volume #24 - In These Small Hands.cbz,Lone Wolf and Cub (1995),In These Small Hands,24,,1995,,Kazuo Koike,Goseki Kojima,Dark Horse,Comic
Lone Wolf and Cub (1995)/Volume #25 - Perhaps in Death.cbz,Lone Wolf and Cub (1995),Perhaps in Death,25,,1995,,Kazuo Koike,Goseki Kojima,Dark Horse,Comic
Lone Wolf and Cub (1995)/Volume #26 - Struggle in the Dark.cbz,Lone Wolf and Cub (1995),Struggle in the Dark,26,,1995,,Kazuo Koike,Goseki Kojima,Dark Horse,Comic
Lone Wolf and Cub (1995)/Volume #27 - Battle's Eve.cbz,Lone Wolf and Cub (1995),Battle's Eve,27,,1995,,Kazuo Koike,Goseki Kojima,Dark Horse,Comic
Lone Wolf and Cub (1995)/Volume #28 - The Lotus Throne.cbz,Lone Wolf and Cub (1995),The Lotus Throne,28,,1995,,Kazuo Koike,Goseki Kojima,Dark Horse,Comic
Mech Cadets (2023)/Volume #01.cbz,Mech Cadets (2023),Volume #01,1,Mech Cadet Yu (2023) #1-12,2023,,Greg Pak,Takeshi Miyazawa,Boom,Trade Paperback
Mick de Mouse's Stories (2012)/Mick de' Mouse's Stories (2012) #01.cbz,Mick de Mouse's Stories (2012),The Sbilenque’s Stone,1,,2012,,Unknown,Unknown,Disney Comics,Comic
Mick de Mouse's Stories (2012)/Mick de' Mouse's Stories (2012) #02.cbz,Mick de Mouse's Stories (2012),The Return of the Shadow Men,2,,2012,,Unknown,Unknown,Disney Comics,Comic
Mick de Mouse's Stories (2012)/Mick de' Mouse's Stories (2012) #03.cbz,Mick de Mouse's Stories (2012),The Secret of the Seventh Meteor,3,,2012,,Unknown,Unknown,Disney Comics,Comic
Mick de Mouse's Stories (2012)/Mick de' Mouse's Stories (2012) #04.cbz,Mick de Mouse's Stories (2012),The Sea People,4,,2012,,Unknown,Unknown,Disney Comics,Comic
Mick de Mouse's Stories (2012)/Mick de' Mouse's Stories (2012) #05.cbz,Mick de Mouse's Stories (2012),The Return of the Highlanders,5,,2012,,Unknown,Unknown,Disney Comics,Comic
Mick de Mouse's Stories (2012)/Mick de' Mouse's Stories (2012) #06.cbz,Mick de Mouse's Stories (2012),Ali Baba’s Cave,6,,2012,,Unknown,Unknown,Disney Comics,Comic
Mick de Mouse's Stories (2012)/Mick de' Mouse's Stories (2012) #07.cbz,Mick de Mouse's Stories (2012),Thor’s Shield,7,,2012,,Unknown,Unknown,Disney Comics,Comic
Mick de Mouse's Stories (2012)/Mick de' Mouse's Stories (2012) #08.cbz,Mick de Mouse's Stories (2012),The Piguazul Spirit,8,,2012,,Unknown,Unknown,Disney Comics,Comic
Miles Morales- Spider-Man (2018)/Miles Morales- Spider-Man (2018) #01.cbz,Miles Morales: Spider-Man (2018),Miles Morales: Spider-Man (2018) #01,1,,2018,12,Saladin Ahmed,Javier Garrón,Marvel,Comic
Miles Morales- Spider-Man (2018)/Miles Morales- Spider-Man (2018) #02.cbz,Miles Morales: Spider-Man (2018),Miles Morales: Spider-Man (2018) #02,2,,2019,1,Saladin Ahmed,Javier Garrón,Marvel,Comic
Miles Morales- Spider-Man (2018)/Miles Morales- Spider-Man (2018) #03.cbz,Miles Morales: Spider-Man (2018),Miles Morales: Spider-Man (2018) #03,3,,2019,2,Saladin Ahmed,Javier Garrón,Marvel,Comic
Miles Morales- Spider-Man (2018)/Miles Morales- Spider-Man (2018) #04.cbz,Miles Morales: Spider-Man (2018),Miles Morales: Spider-Man (2018) #04,4,,2019,3,Saladin Ahmed,Javier Garrón,Marvel,Comic
Miles Morales- Spider-Man (2018)/Miles Morales- Spider-Man (2018) #05.cbz,Miles Morales: Spider-Man (2018),Miles Morales: Spider-Man (2018) #05,5,,2019,4,Saladin Ahmed,Javier Garrón,Marvel,Comic
Miles Morales- Spider-Man (2018)/Miles Morales- Spider-Man (2018) #06.cbz,Miles Morales: Spider-Man (2018),Miles Morales: Spider-Man (2018) #06,6,,2019,5,Saladin Ahmed,Javier Garrón,Marvel,Comic
Miles Morales- Spider-Man (2018)/Miles Morales- Spider-Man (2018) #07.cbz,Miles Morales: Spider-Man (2018),Miles Morales: Spider-Man (2018) #07,7,,2019,6,Saladin Ahmed,"Ron Adkins, Dexter Vines, Alitha E. Martinez, Vanesa R. Del Rey, Javier Garrón",Marvel,Comic
Miles Morales- Spider-Man (2018)/Miles Morales- Spider-Man (2018) #08.cbz,Miles Morales: Spider-Man (2018),Miles Morales: Spider-Man (2018) #08,8,,2019,7,Saladin Ahmed,Javier Garrón,Marvel,Comic
Miles Morales- Spider-Man (2018)/Miles Morales- Spider-Man (2018) #09.cbz,Miles Morales: Spider-Man (2018),Miles Morales: Spider-Man (2018) #09,9,,2019,8,Saladin Ahmed,Javier Garrón,Marvel,Comic
Miles Morales- Spider-Man (2018)/Miles Morales- Spider-Man (2018) #10.cbz,Miles Morales: Spider-Man (2018),Miles Morales: Spider-Man (2018) #10,10,,2019,9,Saladin Ahmed,Javier Garrón,Marvel,Comic
Miles Morales- Spider-Man (2018)/Miles Morales- Spider-Man (2018) #11.cbz,Miles Morales: Spider-Man (2018),Miles Morales: Spider-Man (2018) #11,11,,2019,10,Saladin Ahmed,"Zé Carlos, Ig Guara",Marvel,Comic
Miles Morales- Spider-Man (2018)/Miles Morales- Spider-Man (2018) #12.cbz,Miles Morales: Spider-Man (2018),Miles Morales: Spider-Man (2018) #12,12,,2019,11,Saladin Ahmed,Javier Garrón,Marvel,Comic
Miles Morales- Spider-Man (2018)/Miles Morales- Spider-Man (2018) #13.cbz,Miles Morales: Spider-Man (2018),Miles Morales: Spider-Man (2018) #13,13,,2019,12,Saladin Ahmed,"Javier Garrón, Kevin Libranda, Alitha E. Martinez",Marvel,Comic
Miles Morales- Spider-Man (2018)/Miles Morales- Spider-Man (2018) #14.cbz,Miles Morales: Spider-Man (2018),Miles Morales: Spider-Man (2018) #14,14,,2020,1,Saladin Ahmed,"Ray-Anthony Height, Zé Carlos, Belén Ortega",Marvel,Comic
Miles Morales- Spider-Man (2018)/Miles Morales- Spider-Man (2018) #15.cbz,Miles Morales: Spider-Man (2018),Miles Morales: Spider-Man (2018) #15,15,,2020,2,Saladin Ahmed,Javier Garrón,Marvel,Comic
Miles Morales- Spider-Man (2018)/Miles Morales- Spider-Man (2018) #16.cbz,Miles Morales: Spider-Man (2018),Miles Morales: Spider-Man (2018) #16,16,,2020,3,Saladin Ahmed,Cory Smith,Marvel,Comic
Miles Morales- Spider-Man (2018)/Miles Morales- Spider-Man (2018) #17.cbz,Miles Morales: Spider-Man (2018),Miles Morales: Spider-Man (2018) #17,17,,2020,6,Saladin Ahmed,Carmen Carnero,Marvel,Comic
Miles Morales- Spider-Man (2018)/Miles Morales- Spider-Man (2018) #18.cbz,Miles Morales: Spider-Man (2018),Miles Morales: Spider-Man (2018) #18,18,,2020,9,Saladin Ahmed,Carmen Carnero,Marvel,Comic
Miles Morales- Spider-Man (2018)/Miles Morales- Spider-Man (2018) #19.cbz,Miles Morales: Spider-Man (2018),Miles Morales: Spider-Man (2018) #19,19,,2020,10,Saladin Ahmed,"Carmen Carnero, Marcelo Ferreira",Marvel,Comic
Miles Morales- Spider-Man (2018)/Miles Morales- Spider-Man (2018) #20.cbz,Miles Morales: Spider-Man (2018),Miles Morales: Spider-Man (2018) #20,20,,2020,11,Saladin Ahmed,Marcelo Ferreira,Marvel,Comic
Miles Morales- Spider-Man (2018)/Miles Morales- Spider-Man (2018) #21.cbz,Miles Morales: Spider-Man (2018),Miles Morales: Spider-Man (2018) #21,21,,2020,12,Saladin Ahmed,Marcelo Ferreira,Marvel,Comic
Miles Morales- Spider-Man (2018)/Miles Morales- Spider-Man (2018) #22.cbz,Miles Morales: Spider-Man (2018),Miles Morales: Spider-Man (2018) #22,22,,2021,1,Saladin Ahmed,Natacha Bustos,Marvel,Comic
Miles Morales- Spider-Man (2018)/Miles Morales- Spider-Man (2018) #23.cbz,Miles Morales: Spider-Man (2018),Miles Morales: Spider-Man (2018) #23,23,,2021,2,Saladin Ahmed,Carmen Carnero,Marvel,Comic
Miles Morales- Spider-Man (2018)/Miles Morales- Spider-Man (2018) #24.cbz,Miles Morales: Spider-Man (2018),Miles Morales: Spider-Man (2018) #24,24,,2021,3,Saladin Ahmed,Carmen Carnero,Marvel,Comic
Miles Morales- Spider-Man (2018)/Miles Morales- Spider-Man (2018) #25.cbz,Miles Morales: Spider-Man (2018),Miles Morales: Spider-Man (2018) #25,25,,2021,4,Saladin Ahmed,Carmen Carnero,Marvel,Comic
Miles Morales- Spider-Man (2018)/Miles Morales- Spider-Man (2018) #26.cbz,Miles Morales: Spider-Man (2018),Miles Morales: Spider-Man (2018) #26,26,,2021,5,Saladin Ahmed,Carmen Carnero,Marvel,Comic
Miles Morales- Spider-Man (2018)/Miles Morales- Spider-Man (2018) #27.cbz,Miles Morales: Spider-Man (2018),Miles Morales: Spider-Man (2018) #27,27,,2021,6,Saladin Ahmed,Carmen Carnero,Marvel,Comic
Miles Morales- Spider-Man (2018)/Miles Morales- Spider-Man (2018) #28.cbz,Miles Morales: Spider-Man (2018),Miles Morales: Spider-Man (2018) #28,28,,2021,7,Saladin Ahmed,Carmen Carnero,Marvel,Comic
Miles Morales- Spider-Man (2018)/Miles Morales- Spider-Man (2018) #29.cbz,Miles Morales: Spider-Man (2018),Miles Morales: Spider-Man (2018) #29,29,,2021,8,Saladin Ahmed,Christopher Allen,Marvel,Comic
Miles Morales- Spider-Man (2018)/Miles Morales- Spider-Man (2018) #30.cbz,Miles Morales: Spider-Man (2018),Miles Morales: Spider-Man (2018) #30,30,,2021,9,Saladin Ahmed,Carmen Carnero,Marvel,Comic
Miles Morales- Spider-Man (2018)/Miles Morales- Spider-Man (2018) #31.cbz,Miles Morales: Spider-Man (2018),Miles Morales: Spider-Man (2018) #31,31,,2021,10,Saladin Ahmed,Christopher Allen,Marvel,Comic
Miles Morales- Spider-Man (2018)/Miles Morales- Spider-Man (2018) #32.cbz,Miles Morales: Spider-Man (2018),Miles Morales: Spider-Man (2018) #32,32,,2021,11,Saladin Ahmed,Christopher Allen,Marvel,Comic
Miles Morales- Spider-Man (2018)/Miles Morales- Spider-Man (2018) #33.cbz,Miles Morales: Spider-Man (2018),Miles Morales: Spider-Man (2018) #33,33,,2021,12,Saladin Ahmed,Michele Bandini,Marvel,Comic
Nine Stones (2021)/Nine Stones (2021) #01.cbz,Nine Stones (2021),Shadow,1,,2016,9,Samuel Spano,Samuel Spano,Behemoth,Comic
Nine Stones (2021)/Nine Stones (2021) #02.cbz,Nine Stones (2021),Are You Hungry? Part 1,2,,2016,9,Samuel Spano,Samuel Spano,Behemoth,Comic
Nine Stones (2021)/Nine Stones (2021) #03.cbz,Nine Stones (2021),Are You Hungry? Part 2,3,,2016,9,Samuel Spano,Samuel Spano,Behemoth,Comic
Nine Stones (2021)/Nine Stones (2021) #04.cbz,Nine Stones (2021),The Present Part 1,4,,2016,10,Samuel Spano,Samuel Spano,Behemoth,Comic
Nine Stones (2021)/Nine Stones (2021) #05.cbz,Nine Stones (2021),The Present Part 2,5,,2016,10,Samuel Spano,Samuel Spano,Behemoth,Comic
One Shots/Art of Usagi Yojimbo (2004).cbz,,Art of Usagi Yojimbo (2004),,,2004,,Stan Sakai,Stan Sakai,Dark Horse,Hardcover
One Shots/Batman- The Killing Joke (1988).cbz,,Batman: The Killing Joke (1988),,,1988,,Alan Moore,Brian Bolland,DC,Trade Paperback
One Shots/Batman- Year One (1986).cbz,,Batman: Year One (1986),,,1986,,Frank Miller,David Mazzucchelli,DC,Trade Paperback
One Shots/Daredevil- Love and War (1986).cbz,,Daredevil: Love and War (1986),,,1986,,Frank Miller,Bill Sienkiewicz,Marvel,Trade Paperback
One Shots/Dark Knight Returns- The Last Crusade (2016).cbz,,Dark Knight Returns: The Last Crusade (2016),,,2016,,Frank Miller,Brian Azzarello,DC,Trade Paperback
One Shots/Disney Masters FCBD 2020.cbz,,Disney Masters FCBD 2020,,,2020,5,"John Lustig, Evert Gerardts, Dick Kinney","William Van Horn, Mau Heymans, Al Hubbard",Fantagraphics,Comic
One Shots/Joker (2013).cbz,,Joker (2013),,,2013,,Brian Azzarello,Lee Bermejo,DC,Hardcover
One Shots/Mickey All-Stars (2021).cbz,,Mickey All-Stars (2021),,,2021,,Various,Various,Fantagraphics,Hardcover
One Shots/Super Mario Bros. Encyclopedia- The Official Guide to the First 30 Years (2015).cbz,,Super Mario Bros. Encyclopedia: The Official Guide to the First 30 Years (2015),,,2015,,Unknown,Unknown,Dark Horse,Hardcover
One Shots/The Art of Cuphead (2020).cbz,,The Art of Cuphead (2020),,,2020,,Unknown,Unknown,Dark Horse,Hardcover
One Shots/The Art of Splatoon (2015).cbz,,The Art of Splatoon (2015),,,2015,,Unknown,Unknown,Dark Horse,Hardcover
One Shots/The Art of Splatoon 2 (2019).cbz,,The Art of Splatoon 2 (2019),,,2019,,Unknown,Unknown,Dark Horse,Hardcover
One Shots/The Art of Super Mario Odyssey (2019).cbz,,The Art of Super Mario Odyssey (2019),,,2019,,Unknown,Unknown,Dark Horse,Hardcover
One Shots/The Legend of Zelda Encyclopedia (2018).cbz,,The Legend of Zelda Encyclopedia (2018),,,2018,,Unknown,Unknown,Dark Horse,Hardcover
One Shots/The Legend of Zelda- Art & Artifacts (2016).cbz,,The Legend of Zelda: Art & Artifacts (2016),,,2018,,Unknown,Unknown,Dark Horse,Hardcover
One Shots/The Legend of Zelda- Breath of the Wild - Creating a Champion (2017).cbz,,The Legend of Zelda: Breath of the Wild - Creating a Champion (2017),,,2017,,Unknown,Unknown,Dark Horse,Hardcover
One Shots/The Legend of Zelda- Hyrule Historia (2013).cbz,,The Legend of Zelda: Hyrule Historia (2013),,,2013,,Unknown,Unknown,Dark Horse,Hardcover
One Shots/Toy Story 4 (2019).cbz,,Toy Story 4 (2019),,,2019,,Haden Blackman,"Ivan Shavrin, Tommaso Renieri, La Barbera, Veronica Di Lorenzo",Dark Horse,Trade Paperback
One Shots/Toy Story- The Story of the Movies in Comics (2019).cbz,,Toy Story: The Story of the Movies in Comics (2019),,,2019,,Alessandro Ferrari,Ettore Gula,Dark Horse,Trade Paperback
One Shots/Usagi Yojimbo- 35 Years of Covers (2019).cbz,,Usagi Yojimbo: 35 Years of Covers (2019),,,2019,,Stan Sakai,Stan Sakai,Dark Horse,Hardcover
One Shots/Usagi Yojimbo- 40th Anniversary Reader (2024).cbz,,Usagi Yojimbo: 40th Anniversary Reader (2024),,,2024,,Stan Sakai,Stan Sakai,Dark Horse,Trade Paperback
Origins (2021)/Volume #01.cbz,Origins (2021),Volume #01,1,Origins (2021) #1-6,2021,,Clay Mcleod Chapman,Jakub Rebelka,Boom,Trade Paperback
Planet of the Apes (2011)/Planet of the Apes (2011) #01.cbz,Planet of the Apes (2011),The Long War Part 1,1,,2011,4,Daryl Gregory,Carlos Magno,Boom,Comic
Planet of the Apes (2011)/Planet of the Apes (2011) #02.cbz,Planet of the Apes (2011),The Long War Part 2,2,,2011,5,Daryl Gregory,Carlos Magno,Boom,Comic
Planet of the Apes (2011)/Planet of the Apes (2011) #03.cbz,Planet of the Apes (2011),The Long War Part 3,3,,2011,6,Daryl Gregory,Carlos Magno,Boom,Comic
Planet of the Apes (2011)/Planet of the Apes (2011) #04.cbz,Planet of the Apes (2011),The Long War Part 4,4,,2011,7,Daryl Gregory,Carlos Magno,Boom,Comic
Planet of the Apes (2011)/Planet of the Apes (2011) #05.cbz,Planet of the Apes (2011),The Devil’s Pawn Part 1,5,,2011,8,Daryl Gregory,Carlos Magno,Boom,Comic
Planet of the Apes (2011)/Planet of the Apes (2011) #06.cbz,Planet of the Apes (2011),The Devil’s Pawn Part 2,6,,2011,9,Daryl Gregory,Carlos Magno,Boom,Comic
Planet of the Apes (2011)/Planet of the Apes (2011) #07.cbz,Planet of the Apes (2011),The Devil’s Pawn Part 3,7,,2011,10,Daryl Gregory,Carlos Magno,Boom,Comic
Planet of the Apes (2011)/Planet of the Apes (2011) #08.cbz,Planet of the Apes (2011),The Devil’s Pawn Part 4,8,,2011,11,Daryl Gregory,Carlos Magno,Boom,Comic
Planet of the Apes (2011)/Planet of the Apes (2011) #09.cbz,Planet of the Apes (2011),Children of Fire Part 1,9,,2011,12,Daryl Gregory,Carlos Magno,Boom,Comic
Planet of the Apes (2011)/Planet of the Apes (2011) #10.cbz,Planet of the Apes (2011),Children of Fire Part 2,10,,2012,1,Daryl Gregory,Carlos Magno,Boom,Comic
Planet of the Apes (2011)/Planet of the Apes (2011) #11.cbz,Planet of the Apes (2011),Children of Fire Part 3,11,,2012,2,Daryl Gregory,Carlos Magno,Boom,Comic
Planet of the Apes (2011)/Planet of the Apes (2011) #12.cbz,Planet of the Apes (2011),Children of Fire Part 4,12,,2012,3,Daryl Gregory,Carlos Magno,Boom,Comic
Planet of the Apes (2011)/Planet of the Apes (2011) #13.cbz,Planet of the Apes (2011),The Half Man Part 1,13,,2012,4,Daryl Gregory,Carlos Magno,Boom,Comic
Planet of the Apes (2011)/Planet of the Apes (2011) #14.cbz,Planet of the Apes (2011),The Half Man Part 2,14,,2012,5,Daryl Gregory,Carlos Magno,Boom,Comic
Planet of the Apes (2011)/Planet of the Apes (2011) #15.cbz,Planet of the Apes (2011),The Half Man Part 3,15,,2012,6,Daryl Gregory,Carlos Magno,Boom,Comic
Planet of the Apes (2011)/Planet of the Apes (2011) #16.cbz,Planet of the Apes (2011),The Half Man Part 4,16,,2012,7,Daryl Gregory,Carlos Magno,Boom,Comic
Planet of the Apes Archive/Volume #01 - Terror on the Planet of the Apes.cbz,Planet of the Apes Archive,Terror on the Planet of the Apes,1,"Planet of the Apes Magazine, #1-4, #6, #8, #11, #13, #14, #19, #20, #23, #26-28",2017,8,Doug Moench,"Mike Ploog, Frank Chiaramonte, Tom Sutton, Herb Trimpe, Virgil Redondo",Boom,Hardcover
Planet of the Apes Archive/Volume #02 - Beast on the Planet of the Apes.cbz,Planet of the Apes Archive,Beast on the Planet of the Apes,2,"Planet of the Apes Magazine #1-11, #21",2017,12,Doug Moench,"George Tuska, Mike Esposito, Alfred P. Alcala, Rico Rival, Herb Trimpe, Dan Adkins, Sal Trapani",Boom,Hardcover
Planet of the Apes Archive/Volume #03 - Quest for the Planet of the Apes.cbz,Planet of the Apes Archive,Quest for the Planet of the Apes,3,Planet of the Apes Magazine #12-22,2018,4,Doug Moench,"Rico Rival, Alfredo P. Alcala",Boom,Hardcover
Planet of the Apes Archive/Volume #04 - Evolution's Nightmare.cbz,Planet of the Apes Archive,Evolution's Nightmare,4,"Planet of the Apes Magazine #5, #12, #15, #17, #23-29",2018,9,Doug Moench,"Vicente Alcazar, Sonny Trinidad, Alfredo P. Alcala, Yong Montano, Dino Castrillo, Virgil Redondo, Tom Sutton, Ed Hannigan, Jim Mooney",Boom,Hardcover
Regular Show (2013)/Regular Show (2013) #01.cbz,Regular Show (2013),Regular Show (2013) #01,1,,2013,4,KC Green,Allison Strejlau,Boom,Comic
Regular Show (2013)/Regular Show (2013) #02.cbz,Regular Show (2013),Regular Show (2013) #02,2,,2013,5,KC Green,Allison Strejlau,Boom,Comic
Regular Show (2013)/Regular Show (2013) #03.cbz,Regular Show (2013),Regular Show (2013) #03,3,,2013,6,"Zack Smith, Kevin Church, Brandon Snider","Brad McGinty, Brooke Allen, JJ Harrison",Boom,Comic
Regular Show (2013)/Regular Show (2013) #04.cbz,Regular Show (2013),Regular Show (2013) #04,4,,2013,7,KC Green,Allison Strejlau,Boom,Comic
Regular Show (2013)/Regular Show (2013) #05.cbz,Regular Show (2013),Regular Show (2013) #05,5,,2013,8,KC Green,Allison Strejlau,Boom,Comic
Regular Show (2013)/Regular Show (2013) #06.cbz,Regular Show (2013),Regular Show (2013) #06,6,,2013,9,Jeremy Lawson,Jeremy Lawson,Boom,Comic
Regular Show (2013)/Regular Show (2013) #07.cbz,Regular Show (2013),Regular Show (2013) #07,7,,2013,10,Nick Sumida,Allison Strejlau,Boom,Comic
Regular Show (2013)/Regular Show (2013) #08.cbz,Regular Show (2013),Regular Show (2013) #08,8,,2013,11,Nick Sumida,Allison Strejlau,Boom,Comic
Regular Show (2013)/Regular Show (2013) #09.cbz,Regular Show (2013),Regular Show (2013) #09,9,,2013,12,KC Green,Allison Strejlau,Boom,Comic
Regular Show (2013)/Regular Show (2013) #10.cbz,Regular Show (2013),Regular Show (2013) #10,10,,2014,1,KC Green,Allison Strejlau,Boom,Comic
Regular Show (2013)/Regular Show (2013) #11.cbz,Regular Show (2013),Regular Show (2013) #11,11,,2014,2,KC Green,Allison Strejlau,Boom,Comic
Regular Show (2013)/Regular Show (2013) #12.cbz,Regular Show (2013),Regular Show (2013) #12,12,,2014,4,KC Green,Allison Strejlau,Boom,Comic
Regular Show (2013)/Regular Show (2013) #13.cbz,Regular Show (2013),Regular Show (2013) #13,13,,2014,7,Minty Lewis,Allison Strejlau,Boom,Comic
Regular Show (2013)/Regular Show (2013) #14.cbz,Regular Show (2013),Regular Show (2013) #14,14,,2014,8,KC Green,Allison Strejlau,Boom,Comic
Regular Show (2013)/Regular Show (2013) #15.cbz,Regular Show (2013),Regular Show (2013) #15,15,,2014,10,KC Green,Allison Strejlau,Boom,Comic
Regular Show (2013)/Regular Show (2013) #16.cbz,Regular Show (2013),Regular Show (2013) #16,16,,2014,10,KC Green,Allison Strejlau,Boom,Comic
Regular Show (2013)/Regular Show (2013) #17.cbz,Regular Show (2013),Regular Show (2013) #17,17,,2014,11,Nick Sumida,Allison Strejlau,Boom,Comic
Regular Show (2013)/Regular Show (2013) #18.cbz,Regular Show (2013),Regular Show (2013) #18,18,,2014,12,Nick Sumida,Allison Strejlau,Boom,Comic
Regular Show (2013)/Regular Show (2013) #19.cbz,Regular Show (2013),Regular Show (2013) #19,19,,2015,1,Nick Sumida,Allison Strejlau,Boom,Comic
Regular Show (2013)/Regular Show (2013) #20.cbz,Regular Show (2013),Regular Show (2013) #20,20,,2015,2,Nick Sumida,Allison Strejlau,Boom,Comic
Regular Show (2013)/Regular Show (2013) #21.cbz,Regular Show (2013),Regular Show (2013) #21,21,,2015,3,Kevin Church,Mad Rupert,Boom,Comic
Regular Show (2013)/Regular Show (2013) #22.cbz,Regular Show (2013),Regular Show (2013) #22,22,,2015,4,Mad Rupert,Allison Strejlau,Boom,Comic
Regular Show (2013)/Regular Show (2013) #23.cbz,Regular Show (2013),Regular Show (2013) #23,23,,2015,5,Mad Rupert,Allison Strejlau,Boom,Comic
Regular Show (2013)/Regular Show (2013) #24.cbz,Regular Show (2013),Regular Show (2013) #24,24,,2015,6,Mad Rupert,Allison Strejlau,Boom,Comic
Regular Show (2013)/Regular Show (2013) #25.cbz,Regular Show (2013),Regular Show (2013) #25,25,,2015,7,Kevin Church,Mad Rupert,Boom,Comic
Regular Show (2013)/Regular Show (2013) #26.cbz,Regular Show (2013),Regular Show (2013) #26,26,,2015,8,Mad Rupert,Wook Jin Clark,Boom,Comic
Regular Show (2013)/Regular Show (2013) #27.cbz,Regular Show (2013),Regular Show (2013) #27,27,,2015,9,Mad Rupert,Wook Jin Clark,Boom,Comic
Regular Show (2013)/Regular Show (2013) #28.cbz,Regular Show (2013),Regular Show (2013) #28,28,,2015,10,Mad Rupert,Wook Jin Clark,Boom,Comic
Regular Show (2013)/Regular Show (2013) #29.cbz,Regular Show (2013),Crystal Catastrophe Part 1,29,,2015,11,Mad Rupert,Laura Howell,Boom,Comic
Regular Show (2013)/Regular Show (2013) #30.cbz,Regular Show (2013),Crystal Catastrophe Part 2,30,,2015,12,Mad Rupert,Laura Howell,Boom,Comic
Regular Show (2013)/Regular Show (2013) #31.cbz,Regular Show (2013),Crystal Catastrophe Part 3,31,,2016,1,Mad Rupert,Laura Howell,Boom,Comic
Regular Show (2013)/Regular Show (2013) #32.cbz,Regular Show (2013),Crystal Catastrophe Part 4,32,,2016,2,Mad Rupert,Laura Howell,Boom,Comic
Regular Show (2013)/Regular Show (2013) #33.cbz,Regular Show (2013),Kaiju Ex,33,,2016,3,Shanna Matuszak,Will Kirkby,Boom,Comic
Regular Show (2013)/Regular Show (2013) #34.cbz,Regular Show (2013),Real Deal Heroes Part 1,34,,2016,4,"Ulises Farinas, Erick Freitas",Laura Howell,Boom,Comic
Regular Show (2013)/Regular Show (2013) #35.cbz,Regular Show (2013),Real Deal Heroes Part 2,35,,2016,5,"Ulises Farinas, Erick Freitas",Laura Howell,Boom,Comic
Regular Show (2013)/Regular Show (2013) #36.cbz,Regular Show (2013),Real Deal Heroes Part 3,36,,2016,6,"Ulises Farinas, Erick Freitas",Laura Howell,Boom,Comic
Regular Show (2013)/Regular Show (2013) #37.cbz,Regular Show (2013),Apocalypse Benson Part 1,37,,2016,7,Mad Rupert,Laura Howell,Boom,Comic
Regular Show (2013)/Regular Show (2013) #38.cbz,Regular Show (2013),Apocalypse Benson Part 2,38,,2016,8,Mad Rupert,Laura Howell,Boom,Comic
Regular Show (2013)/Regular Show (2013) #39.cbz,Regular Show (2013),Apocalypse Benson Part 3,39,,2016,9,Mad Rupert,Laura Howell,Boom,Comic
Regular Show (2013)/Regular Show (2013) #40.cbz,Regular Show (2013),Apocalypse Benson Part 4,40,,2016,10,Mad Rupert,Laura Howell,Boom,Comic
Scott Pilgrim/Volume #01 - Scott Pilgrim's Precious Little Life.cbz,Scott Pilgrim,Scott Pilgrim's Precious Little Life,1,,2004,8,Bryan Lee O’Malley,Bryan Lee O’Malley,Oni Press,Comic
Scott Pilgrim/Volume #02 - Scott Pilgrim vs. the World.cbz,Scott Pilgrim,Scott Pilgrim vs. the World,2,,2005,6,Bryan Lee O’Malley,Bryan Lee O’Malley,Oni Press,Comic
Scott Pilgrim/Volume #03 - Scott Pilgrim & the Infinite Sadness.cbz,Scott Pilgrim,Scott Pilgrim & the Infinite Sadness,3,,2006,5,Bryan Lee O’Malley,Bryan Lee O’Malley,Oni Press,Comic
Scott Pilgrim/Volume #04 - Scott Pilgrim Gets it Together.cbz,Scott Pilgrim,Scott Pilgrim Gets it Together,4,,2007,11,Bryan Lee O’Malley,Bryan Lee O’Malley,Oni Press,Comic
Scott Pilgrim/Volume #05 - Scott Pilgrim vs. the Universe.cbz,Scott Pilgrim,Scott Pilgrim vs. the Universe,5,,2009,2,Bryan Lee O’Malley,Bryan Lee O’Malley,Oni Press,Comic
Scott Pilgrim/Volume #06 - Scott Pilgrim's Finest Hour.cbz,Scott Pilgrim,Scott Pilgrim's Finest Hour,6,,2010,7,Bryan Lee O’Malley,Bryan Lee O’Malley,Oni Press,Comic
Seven Secrets (2021)/Volume #01.cbz,Seven Secrets (2021),Volume #01,1,Seven Secrets (2021) #1-6,2021,,Tom Taylor,Daniele Di Nicolò,Boom,Trade Paperback
Sex Criminals (2013)/Sex Criminals (2013) #01.cbz,Sex Criminals (2013),Suzie Down in the Quiet,1,,2013,9,Matt Fraction,Chip Zdarsky,Image,Comic
Sex Criminals (2013)/Sex Criminals (2013) #02.cbz,Sex Criminals (2013),"Come, World",2,,2013,10,Matt Fraction,Chip Zdarsky,Image,Comic
Sex Criminals (2013)/Sex Criminals (2013) #03.cbz,Sex Criminals (2013),My Sexual Errors and Misfortunes 2001-Present,3,,2013,11,Matt Fraction,Chip Zdarsky,Image,Comic
Sex Criminals (2013)/Sex Criminals (2013) #04.cbz,Sex Criminals (2013),Sex Police,4,,2014,1,Matt Fraction,Chip Zdarsky,Image,Comic
Sex Criminals (2013)/Sex Criminals (2013) #05.cbz,Sex Criminals (2013),Going Down,5,,2014,3,Matt Fraction,Chip Zdarsky,Image,Comic
Sex Criminals (2013)/Sex Criminals (2013) #06.cbz,Sex Criminals (2013),Coming On,6,,2014,6,Matt Fraction,Chip Zdarsky,Image,Comic
Sex Criminals (2013)/Sex Criminals (2013) #07.cbz,Sex Criminals (2013),"Break, Enter",7,,2014,8,Matt Fraction,Chip Zdarsky,Image,Comic
Sex Criminals (2013)/Sex Criminals (2013) #08.cbz,Sex Criminals (2013),Robert Rainbow,8,,2014,10,Matt Fraction,Chip Zdarsky,Image,Comic
Sex Criminals (2013)/Sex Criminals (2013) #09.cbz,Sex Criminals (2013),Ana,9,,2014,12,Matt Fraction,Chip Zdarsky,Image,Comic
Sex Criminals (2013)/Sex Criminals (2013) #10.cbz,Sex Criminals (2013),Alone Together,10,,2015,1,Matt Fraction,Chip Zdarsky,Image,Comic
Sex Criminals (2013)/Sex Criminals (2013) #11.cbz,Sex Criminals (2013),Manime,11,,2015,7,Matt Fraction,Chip Zdarsky,Image,Comic
Sex Criminals (2013)/Sex Criminals (2013) #12.cbz,Sex Criminals (2013),We Think It’s the Fluids that Keep Getting Us Banned on iTunes and Android,12,,2015,9,Matt Fraction,Chip Zdarsky,Image,Comic
Sex Criminals (2013)/Sex Criminals (2013) #13.cbz,Sex Criminals (2013),Bace,13,,2015,10,Matt Fraction,Chip Zdarsky,Image,Comic
Sex Criminals (2013)/Sex Criminals (2013) #14.cbz,Sex Criminals (2013),Ladies Please,14,,2016,2,Matt Fraction,Chip Zdarsky,Image,Comic
Sex Criminals (2013)/Sex Criminals (2013) #15.cbz,Sex Criminals (2013),The Crew,15,,2016,4,Matt Fraction,Chip Zdarsky,Image,Comic
Sex Criminals (2013)/Sex Criminals (2013) #16.cbz,Sex Criminals (2013),Goals,16,,2017,2,Matt Fraction,Chip Zdarsky,Image,Comic
Sex Criminals (2013)/Sex Criminals (2013) #17.cbz,Sex Criminals (2013),The Skell,17,,2017,3,Matt Fraction,Chip Zdarsky,Image,Comic
Sex Criminals (2013)/Sex Criminals (2013) #18.cbz,Sex Criminals (2013),Totems,18,,2017,4,Matt Fraction,Chip Zdarsky,Image,Comic
Sex Criminals (2013)/Sex Criminals (2013) #19.cbz,Sex Criminals (2013),Down With the Thickness,19,,2017,5,Matt Fraction,Chip Zdarsky,Image,Comic
Sex Criminals (2013)/Sex Criminals (2013) #20.cbz,Sex Criminals (2013),Outs,20,,2017,8,Matt Fraction,Chip Zdarsky,Image,Comic
Sex Criminals (2013)/Sex Criminals (2013) #21.cbz,Sex Criminals (2013),Spaces,21,,2018,1,Matt Fraction,Chip Zdarsky,Image,Comic
Sex Criminals (2013)/Sex Criminals (2013) #22.cbz,Sex Criminals (2013),Follow the Honey,22,,2018,2,Matt Fraction,Chip Zdarsky,Image,Comic
Sex Criminals (2013)/Sex Criminals (2013) #23.cbz,Sex Criminals (2013),My Epiphany,23,,2018,4,Matt Fraction,Chip Zdarsky,Image,Comic
Sex Criminals (2013)/Sex Criminals (2013) #24.cbz,Sex Criminals (2013),Would You Like Some Help With That,24,,2018,5,Matt Fraction,Chip Zdarsky,Image,Comic
Sex Criminals (2013)/Sex Criminals (2013) #25.cbz,Sex Criminals (2013),No Tell,25,,2018,7,Matt Fraction,Chip Zdarsky,Image,Comic
Sex Criminals (2013)/Sex Criminals (2013) #26.cbz,Sex Criminals (2013),The End Part 1,26,,2020,1,Matt Fraction,Chip Zdarsky,Image,Comic
Sex Criminals (2013)/Sex Criminals (2013) #27.cbz,Sex Criminals (2013),The End Part 2,27,,2020,2,Matt Fraction,Chip Zdarsky,Image,Comic
Sex Criminals (2013)/Sex Criminals (2013) #28.cbz,Sex Criminals (2013),The End Part 3,28,,2020,3,Matt Fraction,Chip Zdarsky,Image,Comic
Sex Criminals (2013)/Sex Criminals (2013) #29.cbz,Sex Criminals (2013),The End Part 4,29,,2020,7,Matt Fraction,Chip Zdarsky,Image,Comic
Sex Criminals (2013)/Sex Criminals (2013) #30.cbz,Sex Criminals (2013),The End Part 5,30,,2020,8,Matt Fraction,Chip Zdarsky,Image,Comic
Sex Criminals (2013)/Sex Criminals (2013) #69.cbz,Sex Criminals (2013),Happy Ending,69,,2020,10,Matt Fraction,Chip Zdarsky,Image,Comic
Space Usagi- Death and Honor (1994)/Volume #01.cbz,Space Usagi: Death and Honor (1994),Volume #01,1,,2024,,Stan Sakai,Stan Sakai,Dark Horse,Trade Paperback
Space Usagi- White Star Rising (2024)/Space Usagi- White Star Rising (2024) #01.cbz,Space Usagi: White Star Rising (2024),Space Usagi: White Star Rising (2024) #01,1,,1993,,Stan Sakai,Stan Sakai,Dark Horse,Comic
Space Usagi- White Star Rising (2024)/Space Usagi- White Star Rising (2024) #02.cbz,Space Usagi: White Star Rising (2024),Space Usagi: White Star Rising (2024) #02,2,,1993,,Stan Sakai,Stan Sakai,Dark Horse,Comic
Space Usagi- White Star Rising (2024)/Space Usagi- White Star Rising (2024) #03.cbz,Space Usagi: White Star Rising (2024),Space Usagi: White Star Rising (2024) #03,3,,1993,,Stan Sakai,Stan Sakai,Dark Horse,Comic
Spider-Gwen (2015A)/Volume #01 - Most Wanted?.cbz,Spider-Gwen (2015A),Most Wanted?,1,Edge of Spider-Verse (2014) #2 & Spider-Gwen (2015A) #1-5,2018,,Jason Latour,Robbi Rodriguez,Marvel,Trade Paperback
Spider-Gwen (2016B)/Volume #01 - Greater Power.cbz,Spider-Gwen (2016B),Greater Power,1,Spider-Gwen (2015B) #1-6,2016,,Jason Latour,"Robbi Rodriguez, Chris Visions",Marvel,Trade Paperback
Spider-Gwen (2016B)/Volume #02 - Weapon of Choice.cbz,Spider-Gwen (2016B),Weapon of Choice,2,Spider-Gwen (2015B) #9-13,2016,,Jason Latour,Robbi Rodriguez,Marvel,Trade Paperback
Spider-Gwen (2016B)/Volume #03 - Long-Distance.cbz,Spider-Gwen (2016B),Long-Distance,3,"Spider-Gwen (2015B) #14-15, Annual #1 & All-New Wolverine (2016) Annual #1",2017,,Jason Latour,"Robbi Rodriguez, Chris Visions",Marvel,Trade Paperback
Spider-Gwen (2016B)/Volume #04 - Predators.cbz,Spider-Gwen (2016B),Predators,4,Spider-Gwen (2015B) #19-23,2020,,Jason Latour,"Robbi Rodriguez, Jorge Coelho",Marvel,Trade Paperback
Spider-Gwen (2016B)/Volume #05 - Gwenom.cbz,Spider-Gwen (2016B),Gwenom,5,Spider-Gwen (2015B) #24-29,2018,,Jason Latour,"Robbi Rodriguez, Veronica Fish, Olivia Margraf",Marvel,Trade Paperback
Spider-Gwen (2016B)/Volume #06 - The Life of Gwen Stacy.cbz,Spider-Gwen (2016B),The Life of Gwen Stacy,6,Spider-Gwen (2015B) #30-34,2018,,Jason Latour,"Robbi Rodriguez, Chris Visions",Marvel,Trade Paperback
Spider-Man (2019)/Spider-Man (2019) #01.cbz,Spider-Man (2019),Bloodline Part 1,1,,2019,9,"Henry Abrams, J.J. Abrams",Sara Pichelli,Marvel,Comic
Spider-Man (2019)/Spider-Man (2019) #02.cbz,Spider-Man (2019),Bloodline Part 2,2,,2019,10,"Henry Abrams, J.J. Abrams",Sara Pichelli,Marvel,Comic
Spider-Man (2019)/Spider-Man (2019) #03.cbz,Spider-Man (2019),Bloodline Part 3,3,,2019,12,"Henry Abrams, J.J. Abrams",Sara Pichelli,Marvel,Comic
Spider-Man (2019)/Spider-Man (2019) #04.cbz,Spider-Man (2019),Bloodline Part 4,4,,2020,9,"Henry Abrams, J.J. Abrams",Sara Pichelli,Marvel,Comic
Spider-Man (2019)/Spider-Man (2019) #05.cbz,Spider-Man (2019),Bloodline Part 5,5,,2020,12,"Henry Abrams, J.J. Abrams",Sara Pichelli,Marvel,Comic
Stranger Things (2018)/Stranger Things (2018) #01.cbz,Stranger Things (2018),Chapter 1,1,,2018,9,Jody Houser,Stefano Martino,Dark Horse,Comic
Stranger Things (2018)/Stranger Things (2018) #02.cbz,Stranger Things (2018),Chapter 2,2,,2018,10,Jody Houser,Stefano Martino,Dark Horse,Comic
Stranger Things (2018)/Stranger Things (2018) #03.cbz,Stranger Things (2018),Chapter 3,3,,2018,11,Jody Houser,Stefano Martino,Dark Horse,Comic
Stranger Things (2018)/Stranger Things (2018) #04.cbz,Stranger Things (2018),Chapter 4,4,,2019,1,Jody Houser,Stefano Martino,Dark Horse,Comic
Stranger Things SIX (2019)/Stranger Things SIX (2019) #01.cbz,Stranger Things SIX (2019),Chapter 1,1,,2019,5,Jody Houser,Edgar Salazar,Dark Horse,Comic
Stranger Things SIX (2019)/Stranger Things SIX (2019) #02.cbz,Stranger Things SIX (2019),Chapter 2,2,,2019,6,Jody Houser,Edgar Salazar,Dark Horse,Comic
Stranger Things SIX (2019)/Stranger Things SIX (2019) #03.cbz,Stranger Things SIX (2019),Chapter 3,3,,2019,7,Jody Houser,Edgar Salazar,Dark Horse,Comic
Stranger Things SIX (2019)/Stranger Things SIX (2019) #04.cbz,Stranger Things SIX (2019),Chapter 4,4,,2019,8,Jody Houser,Edgar Salazar,Dark Horse,Comic
Stumptown (2009)/Stumptown (2009) #01.cbz,Stumptown (2009),Stumptown (2009) #01,1,,2009,10,Greg Rucka,Matthew Southworth,Oni Press,Comic
Stumptown (2009)/Stumptown (2009) #02.cbz,Stumptown (2009),Stumptown (2009) #02,2,,2009,12,Greg Rucka,Matthew Southworth,Oni Press,Comic
Stumptown (2009)/Stumptown (2009) #03.cbz,Stumptown (2009),Stumptown (2009) #03,3,,2010,4,Greg Rucka,Matthew Southworth,Oni Press,Comic
Stumptown (2009)/Stumptown (2009) #04.cbz,Stumptown (2009),Stumptown (2009) #04,4,,2010,8,Greg Rucka,Matthew Southworth,Oni Press,Comic
Stumptown (2012)/Stumptown (2012) #01.cbz,Stumptown (2012),The Case of the Baby in the Velvet Case Part 1,1,,2012,9,Greg Rucka,Matthew Southworth,Oni Press,Comic
Stumptown (2012)/Stumptown (2012) #02.cbz,Stumptown (2012),The Case of the Baby in the Velvet Case Part 2,2,,2012,10,Greg Rucka,Matthew Southworth,Oni Press,Comic
Stumptown (2012)/Stumptown (2012) #03.cbz,Stumptown (2012),The Case of the Baby in the Velvet Case Part 3,3,,2012,11,Greg Rucka,Matthew Southworth,Oni Press,Comic
Stumptown (2012)/Stumptown (2012) #04.cbz,Stumptown (2012),The Case of the Baby in the Velvet Case Part 4,4,,2012,12,Greg Rucka,Matthew Southworth,Oni Press,Comic
Stumptown (2012)/Stumptown (2012) #05.cbz,Stumptown (2012),The Case of the Baby in the Velvet Case Part 5,5,,2013,1,Greg Rucka,Matthew Southworth,Oni Press,Comic
Stumptown (2014)/Stumptown (2014) #01.cbz,Stumptown (2014),The Case of the King of Clubs Part 1,1,,2014,9,Greg Rucka,Justin Greenwood,Oni Press,Comic
Stumptown (2014)/Stumptown (2014) #02.cbz,Stumptown (2014),The Case of the King of Clubs Part 2,2,,2014,10,Greg Rucka,Justin Greenwood,Oni Press,Comic
Stumptown (2014)/Stumptown (2014) #03.cbz,Stumptown (2014),The Case of the King of Clubs Part 3,3,,2014,11,Greg Rucka,Justin Greenwood,Oni Press,Comic
Stumptown (2014)/Stumptown (2014) #04.cbz,Stumptown (2014),The Case of the King of Clubs Part 4,4,,2014,12,Greg Rucka,Justin Greenwood,Oni Press,Comic
Stumptown (2014)/Stumptown (2014) #05.cbz,Stumptown (2014),The Case of the King of Clubs Part 5,5,,2015,1,Greg Rucka,Justin Greenwood,Oni Press,Comic
Stumptown (2014)/Stumptown (2014) #06.cbz,Stumptown (2014),The Case of a Cup of Joe Part 1,6,,2015,6,Greg Rucka,Justin Greenwood,Oni Press,Comic
Stumptown (2014)/Stumptown (2014) #07.cbz,Stumptown (2014),The Case of a Cup of Joe Part 2,7,,2015,8,Greg Rucka,Justin Greenwood,Oni Press,Comic
Stumptown (2014)/Stumptown (2014) #08.cbz,Stumptown (2014),The Case of a Cup of Joe Part 3,8,,2015,10,Greg Rucka,Justin Greenwood,Oni Press,Comic
Stumptown (2014)/Stumptown (2014) #09.cbz,Stumptown (2014),The Case of a Cup of Joe Part 4,9,,2016,3,Greg Rucka,Justin Greenwood,Oni Press,Comic
Stumptown (2014)/Stumptown (2014) #10.cbz,Stumptown (2014),The Case of the Night that Wouldn’t End,10,,2016,7,Greg Rucka,Justin Greenwood,Oni Press,Comic
The Adventures of Mick Sawyer (2013)/The Adventures of Mick Sawyer (2013) #01.cbz,The Adventures of Mick Sawyer (2013),The Adventures of Mick Sawyer (2013) #01,1,,2013,,Unknown,Unknown,Disney Comics,Comic
The Adventures of Mick Sawyer (2013)/The Adventures of Mick Sawyer (2013) #02.cbz,The Adventures of Mick Sawyer (2013),The Adventures of Mick Sawyer (2013) #02,2,,2013,,Unknown,Unknown,Disney Comics,Comic
The Amazing Mary Jane (2019)/The Amazing Mary Jane (2019) #01.cbz,The Amazing Mary Jane (2019),The Amazing Mary Jane (2019) #01,1,,2019,10,Leah Williams,Carlos Gómez,Marvel,Comic
The Amazing Mary Jane (2019)/The Amazing Mary Jane (2019) #02.cbz,The Amazing Mary Jane (2019),The Amazing Mary Jane (2019) #02,2,,2019,11,Leah Williams,Carlos Gómez,Marvel,Comic
The Amazing Mary Jane (2019)/The Amazing Mary Jane (2019) #03.cbz,The Amazing Mary Jane (2019),The Amazing Mary Jane (2019) #03,3,,2019,12,Leah Williams,"Carlos Gómez, Lucas Werneck",Marvel,Comic
The Amazing Mary Jane (2019)/The Amazing Mary Jane (2019) #04.cbz,The Amazing Mary Jane (2019),The Amazing Mary Jane (2019) #04,4,,2020,1,Leah Williams,Carlos Gómez,Marvel,Comic
The Amazing Mary Jane (2019)/The Amazing Mary Jane (2019) #05.cbz,The Amazing Mary Jane (2019),The Amazing Mary Jane (2019) #05,5,,2020,2,Leah Williams,Carlos Gómez,Marvel,Comic
The Amazing Mary Jane (2019)/The Amazing Mary Jane (2019) #06.cbz,The Amazing Mary Jane (2019),The Amazing Mary Jane (2019) #06,6,,2020,3,Leah Williams,"Carlos Gómez, Zé Carlos, AnnaPaola Martello",Marvel,Comic
The Amazing Spider-Man Masterworks/Volume #01.cbz,The Amazing Spider-Man Masterworks,Volume #01,1,Amazing Fantasy (1962) #15 & The Amazing Spider-Man (1963) #1-10,2020,,Stan Lee,"Steve Ditko, Jack Kirby",Marvel,Comic
The Amazing Spider-Man Masterworks/Volume #02.cbz,The Amazing Spider-Man Masterworks,Volume #02,2,"The Amazing Spider-Man (1963) #11-19, Annual #1",2017,,Stan Lee,Steve Ditko,Marvel,Comic
The Amazing Spider-Man Masterworks/Volume #03.cbz,The Amazing Spider-Man Masterworks,Volume #03,3,"The Amazing Spider-Man (1963) #20-30, Annual #2",2017,,Stan Lee,Steve Ditko,Marvel,Comic
The Amazing Spider-Man Masterworks/Volume #04.cbz,The Amazing Spider-Man Masterworks,Volume #04,4,The Amazing Spider-Man (1963) #31-40,2017,,Stan Lee,"Steve Ditko, John Romita",Marvel,Comic
The Amazing Spider-Man Masterworks/Volume #05.cbz,The Amazing Spider-Man Masterworks,Volume #05,5,"The Amazing Spider-Man (1963) #41-50, Annual #3",2017,,Stan Lee,"John Romita, Don Heck",Marvel,Comic
The Amazing Spider-Man Masterworks/Volume #06.cbz,The Amazing Spider-Man Masterworks,Volume #06,6,"The Amazing Spider-Man (1963) #51-61, Annual #4",2019,,Stan Lee,"John Romita, Don Heck, Larry Lieber",Marvel,Comic
The Amazing Spider-Man Masterworks/Volume #07.cbz,The Amazing Spider-Man Masterworks,Volume #07,7,"The Amazing Spider-Man (1963) #62-67, Annual #5 & The Spectacular Spider-Man (1968) #1-2",2019,,Stan Lee,"John Romita, Don Heck, Jim Mooney, Larry Lieber, Marie Severin",Marvel,Comic
The Amazing Spider-Man Masterworks/Volume #08.cbz,The Amazing Spider-Man Masterworks,Volume #08,8,The Amazing Spider-Man (1963) #68-77,2019,,Stan Lee,"John Romita, John Buscema, Jim Mooney",Marvel,Comic
The Amazing Spider-Man Masterworks/Volume #09.cbz,The Amazing Spider-Man Masterworks,Volume #09,9,The Amazing Spider-Man (1963) #78-87,2019,,Stan Lee,"John Romita, John Buscema, Jim Mooney",Marvel,Comic
The Amazing Spider-Man Masterworks/Volume #10.cbz,The Amazing Spider-Man Masterworks,Volume #10,10,The Amazing Spider-Man (1963) #88-99,2019,,Stan Lee,"John Romita, Gil Kane",Marvel,Comic
The Amazing Spider-Man Masterworks/Volume #11.cbz,The Amazing Spider-Man Masterworks,Volume #11,11,The Amazing Spider-Man (1963) #101-109,2019,,"Stan Lee, Roy Thomas","Gil Kane, John Romita",Marvel,Comic
The Amazing Spider-Man Masterworks/Volume #12.cbz,The Amazing Spider-Man Masterworks,Volume #12,12,The Amazing Spider-Man (1963) #110-120,2019,,"Stan Lee, Gerry Conway","John Romita, Gil Kane, Jim Starlin, Paul Reinman",Marvel,Comic
The Amazing Spider-Man Masterworks/Volume #13.cbz,The Amazing Spider-Man Masterworks,Volume #13,13,The Amazing Spider-Man (1963) #121-131,2015,,Gerry Conway,"Gil Kane, Ross Andru, John Romita",Marvel,Comic
The Amazing Spider-Man Masterworks/Volume #14.cbz,The Amazing Spider-Man Masterworks,Volume #14,14,The Amazing Spider-Man (1963) #132-142 & Giant-Size Super-Heroes (1974) #1,2019,,Gerry Conway,"Ross Andru, John Romita, Paul Reinman, Gil Kane",Marvel,Comic
The Amazing Spider-Man Masterworks/Volume #15.cbz,The Amazing Spider-Man Masterworks,Volume #15,15,The Amazing Spider-Man (1963) #143-155,2015,,"Gerry Conway, Len Wein, Archie Goodwin","Ross Andru, Gil Kane, Sal Buscema",Marvel,Comic
The Amazing Spider-Man Masterworks/Volume #16.cbz,The Amazing Spider-Man Masterworks,Volume #16,16,"The Amazing Spider-Man (1963) #156-168, Annual #10",2020,,"Len Wein, Bill Mantlo","Ross Andru, Gil Kane",Marvel,Comic
The Amazing Spider-Man Masterworks/Volume #17.cbz,The Amazing Spider-Man Masterworks,Volume #17,17,"The Amazing Spider-Man (1963) #169-180, Annual #11 & Nova (1976) #12",2015,,"Len Wein, Bill Mantlo, Archie Goodwin, Scott Edelman, Marv Wolfman","Ross Andru, Don Perlin, John Romita Jr., Sal Buscema",Marvel,Comic
The Amazing Spider-Man Masterworks/Volume #18.cbz,The Amazing Spider-Man Masterworks,Volume #18,18,"The Amazing Spider-Man (1963) #181-192, Annual #12",2016,,"Marv Wolfman, Bill Mantlo, Jim Starlin","Ross Andru, Keith Pollard, Sal Buscema, Jim Starlin, John Byrne",Marvel,Comic
The Amazing Spider-Man Masterworks/Volume #19.cbz,The Amazing Spider-Man Masterworks,Volume #19,19,"The Amazing Spider-Man (1963) #193-202, Annual #13 & The Spectacular Spider-Man (1968) Annual #1",2017,,"Marv Wolfman, Bill Mantlo","Keith Pollard, Al Milgrom, Sal Buscema, John Byrne, Rich Buckler",Marvel,Comic
The Amazing Spider-Man Masterworks/Volume #20.cbz,The Amazing Spider-Man Masterworks,Volume #20,20,"The Amazing Spider-Man (1963) #203-212, Annual #14",2018,,"Dennis O’Neil, Marv Wolfman, David Michelinie, Roger Stern, Jim Shooter, Mark Gruenwald","John Romita Jr., Keith Pollard, Frank Miller, John Byrne, Jim Mooney, Alan Weiss",Marvel,Comic
The Amazing Spider-Man Masterworks/Volume #21.cbz,The Amazing Spider-Man Masterworks,Volume #21,21,"The Amazing Spider-Man (1963) #213-223, Annual #15",2019,,"Dennis O'Neil, Michael Fleisher, Mike W. Barr, Bill Mantlo, J.M. DeMatteis, Mark Gruenwald, Roger Stern","John Romita Jr., Frank Miller, Luke McDonald, Bob McLeod, Win Mortimer, Alan Kupperberg, Bob Hall, Mark Gruenwald, Marie Severin, Keith Pollard, Greg LaRocque",Marvel,Comic
The Amazing Spider-Man Masterworks/Volume #22.cbz,The Amazing Spider-Man Masterworks,Volume #22,22,"The Amazing Spider-Man (1963) #224-237, Annual #16",2020,,"Roger Stern, Jim Strnad, Bill Mantlo","John Romita Jr., Rick Leonardi, Bob Hall",Marvel,Comic
The Complete Carl Barks Disney Library/Volume #05 - Christmas on Bear Mountain.cbz,The Complete Carl Barks Disney Library,Christmas on Bear Mountain,5,,2013,,Carl Barks,Carl Barks,Fantagraphics,Hardcover
The Complete Carl Barks Disney Library/Volume #06 - The Old Castle's Secret.cbz,The Complete Carl Barks Disney Library,The Old Castle's Secret,6,,2013,,Carl Barks,Carl Barks,Fantagraphics,Hardcover
The Complete Carl Barks Disney Library/Volume #07 - Lost in the Andes.cbz,The Complete Carl Barks Disney Library,Lost in the Andes,7,,2011,,Carl Barks,Carl Barks,Fantagraphics,Hardcover
The Complete Carl Barks Disney Library/Volume #08 - Trail of the Unicorn.cbz,The Complete Carl Barks Disney Library,Trail of the Unicorn,8,,2014,,Carl Barks,Carl Barks,Fantagraphics,Hardcover
The Complete Carl Barks Disney Library/Volume #09 - The Pixilated Parrot.cbz,The Complete Carl Barks Disney Library,The Pixilated Parrot,9,,2015,,Carl Barks,Carl Barks,Fantagraphics,Hardcover
The Complete Carl Barks Disney Library/Volume #10 - Terror of the Beagle Boys.cbz,The Complete Carl Barks Disney Library,Terror of the Beagle Boys,10,,2016,,Carl Barks,Carl Barks,Fantagraphics,Hardcover
The Complete Carl Barks Disney Library/Volume #11 - A Christmas for Shacktown.cbz,The Complete Carl Barks Disney Library,A Christmas for Shacktown,11,,2012,,Carl Barks,Carl Barks,Fantagraphics,Hardcover
The Complete Carl Barks Disney Library/Volume #12 - Only a Poor Old Man.cbz,The Complete Carl Barks Disney Library,Only a Poor Old Man,12,,2012,,Carl Barks,Carl Barks,Fantagraphics,Hardcover
The Complete Carl Barks Disney Library/Volume #13 - Trick or Treat.cbz,The Complete Carl Barks Disney Library,Trick or Treat,13,,2015,,Carl Barks,Carl Barks,Fantagraphics,Hardcover
The Complete Carl Barks Disney Library/Volume #14 - The Seven Cities of Gold.cbz,The Complete Carl Barks Disney Library,The Seven Cities of Gold,14,,2014,,Carl Barks,Carl Barks,Fantagraphics,Hardcover
The Complete Carl Barks Disney Library/Volume #15 - The Ghost Sheriff of Last Gasp.cbz,The Complete Carl Barks Disney Library,The Ghost Sheriff of Last Gasp,15,,2016,,Carl Barks,Carl Barks,Fantagraphics,Hardcover
The Complete Carl Barks Disney Library/Volume #16 - The Lost Crown of Genghis Khan.cbz,The Complete Carl Barks Disney Library,The Lost Crown of Genghis Khan,16,,2017,,Carl Barks,Carl Barks,Fantagraphics,Hardcover
The Complete Carl Barks Disney Library/Volume #17 - Secret of Hondorica.cbz,The Complete Carl Barks Disney Library,Secret of Hondorica,17,,2017,,Carl Barks,Carl Barks,Fantagraphics,Hardcover
The Complete Carl Barks Disney Library/Volume #18 - The Lost Peg Leg Mine.cbz,The Complete Carl Barks Disney Library,The Lost Peg Leg Mine,18,,2018,,Carl Barks,Carl Barks,Fantagraphics,Hardcover
The Complete Carl Barks Disney Library/Volume #19 - The Black Pearls of Tabu Yama.cbz,The Complete Carl Barks Disney Library,The Black Pearls of Tabu Yama,19,,2018,,Carl Barks,Carl Barks,Fantagraphics,Hardcover
The Complete Carl Barks Disney Library/Volume #20 - The Mines of King Solomon.cbz,The Complete Carl Barks Disney Library,The Mines of King Solomon,20,,2019,,Carl Barks,Carl Barks,Fantagraphics,Hardcover
The Complete Carl Barks Disney Library/Volume #21 - Christmas in Duckburg.cbz,The Complete Carl Barks Disney Library,Christmas in Duckburg,21,,2019,,Carl Barks,Carl Barks,Fantagraphics,Hardcover
The Complete Carl Barks Disney Library/Volume #22 - The Twenty-four Carat Moon.cbz,The Complete Carl Barks Disney Library,The Twenty-four Carat Moon,22,,2020,,Carl Barks,Carl Barks,Fantagraphics,Hardcover
The Complete Carl Barks Disney Library/Volume #23 - Under the Polar Ice.cbz,The Complete Carl Barks Disney Library,Under the Polar Ice,23,,2020,,Carl Barks,Carl Barks,Fantagraphics,Hardcover
The Complete Carl Barks Disney Library/Volume #24 - Island in the Sky.cbz,The Complete Carl Barks Disney Library,Island in the Sky,24,,2021,,Carl Barks,Carl Barks,Fantagraphics,Hardcover
The Don Rosa Library/Volume #01 - The Son of the Sun.cbz,The Don Rosa Library,The Son of the Sun,1,,2014,,Don Rosa,Don Rosa,Fantagraphics,Hardcover
The Don Rosa Library/Volume #02 - Return to Plain Awful.cbz,The Don Rosa Library,Return to Plain Awful,2,,2014,,Don Rosa,Don Rosa,Fantagraphics,Hardcover
The Don Rosa Library/Volume #03 - Treasure Under Glass.cbz,The Don Rosa Library,Treasure Under Glass,3,,2015,,Don Rosa,Don Rosa,Fantagraphics,Hardcover
The Don Rosa Library/Volume #04 - The Last of the Clan McDuck.cbz,The Don Rosa Library,The Last of the Clan McDuck,4,,2015,,Don Rosa,Don Rosa,Fantagraphics,Hardcover
The Don Rosa Library/Volume #05 - The Richest Duck in the World.cbz,The Don Rosa Library,The Richest Duck in the World,5,,2016,,Don Rosa,Don Rosa,Fantagraphics,Hardcover
The Don Rosa Library/Volume #06 - The Universal Solvent.cbz,The Don Rosa Library,The Universal Solvent,6,,2016,,Don Rosa,Don Rosa,Fantagraphics,Hardcover
The Don Rosa Library/Volume #07 - The Treasure of the Ten Avatars.cbz,The Don Rosa Library,The Treasure of the Ten Avatars,7,,2017,,Don Rosa,Don Rosa,Fantagraphics,Hardcover
The Don Rosa Library/Volume #08 - Escape from Forbidden Valley.cbz,The Don Rosa Library,Escape from Forbidden Valley,8,,2017,,Don Rosa,Don Rosa,Fantagraphics,Hardcover
The Don Rosa Library/Volume #09 - The Three Caballeros Ride Again!.cbz,The Don Rosa Library,The Three Caballeros Ride Again!,9,,2018,,Don Rosa,Don Rosa,Fantagraphics,Hardcover
The Don Rosa Library/Volume #10 - The Old Castle's Other Secret.cbz,The Don Rosa Library,The Old Castle's Other Secret,10,,2018,,Don Rosa,Don Rosa,Fantagraphics,Hardcover
The Expanse (2021)/Volume #01.cbz,The Expanse (2021),Volume #01,1,The Expanse (2021) #1-4,2021,,Corinna Bechko,Alejandro Aragon,Boom,Trade Paperback
The Expanse- Origins (2020)/Volume #01.cbz,The Expanse: Origins (2020),Volume #01,1,,2020,,"Hallie Lambert, Georgia Lee",Huang Danlan,Boom,Trade Paperback
The Floyd Gottfredson Library - Color Sundays/Volume #01 - Call of the Wild.cbz,The Floyd Gottfredson Library - Color Sundays,Call of the Wild,1,,2013,,Floyd Gottfredson,Floyd Gottfredson,Fantagraphics,Hardcover
The Floyd Gottfredson Library - Color Sundays/Volume #02 - Robin Hood Rides Again.cbz,The Floyd Gottfredson Library - Color Sundays,Robin Hood Rides Again,2,,2013,,Floyd Gottfredson,Floyd Gottfredson,Fantagraphics,Hardcover
The Floyd Gottfredson Library/Volume #01 - Race to Death Valley.cbz,The Floyd Gottfredson Library,Race to Death Valley,1,,2011,,Floyd Gottfredson,Floyd Gottfredson,Fantagraphics,Hardcover
The Floyd Gottfredson Library/Volume #02 - Trapped on Treasure Island.cbz,The Floyd Gottfredson Library,Trapped on Treasure Island,2,,2011,,Floyd Gottfredson,Floyd Gottfredson,Fantagraphics,Hardcover
The Floyd Gottfredson Library/Volume #03 - High Noon at Inferno Gulch.cbz,The Floyd Gottfredson Library,High Noon at Inferno Gulch,3,,2012,,Floyd Gottfredson,Floyd Gottfredson,Fantagraphics,Hardcover
The Floyd Gottfredson Library/Volume #04 - House of the Seven Haunts!.cbz,The Floyd Gottfredson Library,House of the Seven Haunts!,4,,2012,,Floyd Gottfredson,Floyd Gottfredson,Fantagraphics,Hardcover
The Floyd Gottfredson Library/Volume #05 - Outwits the Phantom Blot.cbz,The Floyd Gottfredson Library,Outwits the Phantom Blot,5,,2014,,Floyd Gottfredson,Floyd Gottfredson,Fantagraphics,Hardcover
The Floyd Gottfredson Library/Volume #06 - Lost in Lands of Long Ago.cbz,The Floyd Gottfredson Library,Lost in Lands of Long Ago,6,,2014,,Floyd Gottfredson,Floyd Gottfredson,Fantagraphics,Hardcover
The Floyd Gottfredson Library/Volume #07 - March of the Zombies.cbz,The Floyd Gottfredson Library,March of the Zombies,7,,2015,,Floyd Gottfredson,Floyd Gottfredson,Fantagraphics,Hardcover
The Floyd Gottfredson Library/Volume #08 - The Tomorrow Wars.cbz,The Floyd Gottfredson Library,The Tomorrow Wars,8,,2015,,Floyd Gottfredson,Floyd Gottfredson,Fantagraphics,Hardcover
The Floyd Gottfredson Library/Volume #09 - Rise of the Rhyming Man.cbz,The Floyd Gottfredson Library,Rise of the Rhyming Man,9,,2016,,Floyd Gottfredson,Floyd Gottfredson,Fantagraphics,Hardcover
The Floyd Gottfredson Library/Volume #10 - Planet of Faceless Foes.cbz,The Floyd Gottfredson Library,Planet of Faceless Foes,10,,2016,,Floyd Gottfredson,Floyd Gottfredson,Fantagraphics,Hardcover
The Floyd Gottfredson Library/Volume #11 - Mickey vs. Mickey.cbz,The Floyd Gottfredson Library,Mickey vs. Mickey,11,,2017,,Floyd Gottfredson,Floyd Gottfredson,Fantagraphics,Hardcover
The Floyd Gottfredson Library/Volume #12 - The Mysterious Dr. X.cbz,The Floyd Gottfredson Library,The Mysterious Dr. X,12,,2018,,Floyd Gottfredson,Floyd Gottfredson,Fantagraphics,Hardcover
The Last of Us- American Dreams (2013)/The Last of Us- American Dreams (2013) #01.cbz,The Last of Us: American Dreams (2013),Part 1,1,,2013,4,"Neil Druckmann, Faith Erin Hicks",Faith Erin Hicks,Dark Horse,Comic
The Last of Us- American Dreams (2013)/The Last of Us- American Dreams (2013) #02.cbz,The Last of Us: American Dreams (2013),Part 2,2,,2013,5,"Neil Druckmann, Faith Erin Hicks",Faith Erin Hicks,Dark Horse,Comic
The Last of Us- American Dreams (2013)/The Last of Us- American Dreams (2013) #03.cbz,The Last of Us: American Dreams (2013),Part 3,3,,2013,6,"Neil Druckmann, Faith Erin Hicks",Faith Erin Hicks,Dark Horse,Comic
The Last of Us- American Dreams (2013)/The Last of Us- American Dreams (2013) #04.cbz,The Last of Us: American Dreams (2013),Part 4,4,,2013,7,"Neil Druckmann, Faith Erin Hicks",Faith Erin Hicks,Dark Horse,Comic
The True Lives of the Fabulous Killjoys- California (2013)/Volume #01.cbz,The True Lives of the Fabulous Killjoys: California (2013),Volume #01,1,The True Lives of the Fabulous Killjoys: California (2013) #1-6,2014,5,"Gerard Way, Shaun Simon",Becky Cloonan,Dark Horse,Trade Paperback
The Umbrella Academy/Volume #01 - Apocalypse Suite.cbz,The Umbrella Academy,Apocalypse Suite,1,The Umbrella Academy: Apocalypse Suite (2008) #1-6,2008,,Gerard Way,Gabriel Bá,Dark Horse,Trade Paperback
The Umbrella Academy/Volume #02 - Dallas.cbz,The Umbrella Academy,Dallas,2,The Umbrella Academy: Dallas (2008) #1-6,2009,,Gerard Way,Gabriel Bá,Dark Horse,Trade Paperback
The Umbrella Academy/Volume #03 - Hotel Oblivion.cbz,The Umbrella Academy,Hotel Oblivion,3,The Umbrella Academy: Hotel Oblivion (2019) #1-7,2019,,Gerard Way,Gabriel Bá,Dark Horse,Trade Paperback
The Usagi Yojimbo Saga/Volume #01.cbz,The Usagi Yojimbo Saga,Volume #01,1,Usagi Yojimbo Volume Two #1-16 & Usagi Yojimbo Volume Three #1-6,2021,,Stan Sakai,Stan Sakai,Dark Horse,Trade Paperback
The Usagi Yojimbo Saga/Volume #02.cbz,The Usagi Yojimbo Saga,Volume #02,2,Usagi Yojimbo Volume Three #17-30 & Usagi Yojimbo Color Special #4,2021,,Stan Sakai,Stan Sakai,Dark Horse,Trade Paperback
The Usagi Yojimbo Saga/Volume #03.cbz,The Usagi Yojimbo Saga,Volume #03,3,Usagi Yojimbo Volume Three #31-52,2021,,Stan Sakai,Stan Sakai,Dark Horse,Trade Paperback
The Usagi Yojimbo Saga/Volume #04.cbz,The Usagi Yojimbo Saga,Volume #04,4,Usagi Yojimbo Volume Three #53-75,2022,,Stan Sakai,Stan Sakai,Dark Horse,Trade Paperback
The Usagi Yojimbo Saga/Volume #05.cbz,The Usagi Yojimbo Saga,Volume #05,5,Usagi Yojimbo Volume Three #76-94,2022,,Stan Sakai,Stan Sakai,Dark Horse,Trade Paperback
The Usagi Yojimbo Saga/Volume #06.cbz,The Usagi Yojimbo Saga,Volume #06,6,Usagi Yojimbo Volume Three #95-116,2022,,Stan Sakai,Stan Sakai,Dark Horse,Trade Paperback
The Usagi Yojimbo Saga/Volume #07.cbz,The Usagi Yojimbo Saga,Volume #07,7,Usagi Yojimbo Volume Three #117-138,2023,,Stan Sakai,Stan Sakai,Dark Horse,Trade Paperback
The Usagi Yojimbo Saga/Volume #08.cbz,The Usagi Yojimbo Saga,Volume #08,8,Usagi Yojimbo Volume Three #139-158,2023,,Stan Sakai,Stan Sakai,Dark Horse,Trade Paperback
The Usagi Yojimbo Saga/Volume #09 - Legends.cbz,The Usagi Yojimbo Saga,Legends,9,,2024,,Stan Sakai,Stan Sakai,Dark Horse,Trade Paperback
Tomb Raider (2016)/Tomb Raider (2016) #01.cbz,Tomb Raider (2016),Spore Part 1,1,,2016,2,Mariko Tamaki,Phillip Sevy,Dark Horse,Comic
Tomb Raider (2016)/Tomb Raider (2016) #02.cbz,Tomb Raider (2016),Spore Part 2,2,,2016,3,Mariko Tamaki,Phillip Sevy,Dark Horse,Comic
Tomb Raider (2016)/Tomb Raider (2016) #03.cbz,Tomb Raider (2016),Spore Part 3,3,,2016,4,Mariko Tamaki,Phillip Sevy,Dark Horse,Comic
Tomb Raider (2016)/Tomb Raider (2016) #04.cbz,Tomb Raider (2016),Spore Part 4,4,,2016,5,Mariko Tamaki,Phillip Sevy,Dark Horse,Comic
Tomb Raider (2016)/Tomb Raider (2016) #05.cbz,Tomb Raider (2016),Spore Part 5,5,,2016,6,Mariko Tamaki,Phillip Sevy,Dark Horse,Comic
Tomb Raider (2016)/Tomb Raider (2016) #06.cbz,Tomb Raider (2016),Spore Part 6,6,,2016,7,Mariko Tamaki,Phillip Sevy,Dark Horse,Comic
Tomb Raider (2016)/Tomb Raider (2016) #07.cbz,Tomb Raider (2016),Choice and Sacrifice Part 1,7,,2016,8,Mariko Tamaki,Phillip Sevy,Dark Horse,Comic
Tomb Raider (2016)/Tomb Raider (2016) #08.cbz,Tomb Raider (2016),Choice and Sacrifice Part 2,8,,2016,9,Mariko Tamaki,Phillip Sevy,Dark Horse,Comic
Tomb Raider (2016)/Tomb Raider (2016) #09.cbz,Tomb Raider (2016),Choice and Sacrifice Part 3,9,,2016,10,Mariko Tamaki,Phillip Sevy,Dark Horse,Comic
Tomb Raider (2016)/Tomb Raider (2016) #10.cbz,Tomb Raider (2016),Choice and Sacrifice Part 4,10,,2016,11,Mariko Tamaki,Phillip Sevy,Dark Horse,Comic
Tomb Raider (2016)/Tomb Raider (2016) #11.cbz,Tomb Raider (2016),Choice and Sacrifice Part 5,11,,2016,12,Mariko Tamaki,Phillip Sevy,Dark Horse,Comic
Tomb Raider (2016)/Tomb Raider (2016) #12.cbz,Tomb Raider (2016),Choice and Sacrifice Part 6,12,,2017,1,Mariko Tamaki,Phillip Sevy,Dark Horse,Comic
Tomb Raider- Inferno (2018)/Tomb Raider- Inferno (2018) #01.cbz,Tomb Raider: Inferno (2018),Part 1,1,,2018,6,"Jackson Lanzing, Collin Kelly",Phillip Sevy,Dark Horse,Comic
Tomb Raider- Inferno (2018)/Tomb Raider- Inferno (2018) #02.cbz,Tomb Raider: Inferno (2018),Part 2,2,,2018,7,"Jackson Lanzing, Collin Kelly",Phillip Sevy,Dark Horse,Comic
Tomb Raider- Inferno (2018)/Tomb Raider- Inferno (2018) #03.cbz,Tomb Raider: Inferno (2018),Part 3,3,,2018,8,"Jackson Lanzing, Collin Kelly",Phillip Sevy,Dark Horse,Comic
Tomb Raider- Inferno (2018)/Tomb Raider- Inferno (2018) #04.cbz,Tomb Raider: Inferno (2018),Part 4,4,,2018,10,"Jackson Lanzing, Collin Kelly",Phillip Sevy,Dark Horse,Comic
Tomb Raider- Survivor's Crusade (2017)/Volume #01.cbz,Tomb Raider: Survivor's Crusade (2017),Volume #01,1,Tomb Raider: Survivor’s Crusade (2017) #1-4,2018,8,"Jackson Lanzing, Collin Kelly",Ashley A. Woods,Dark Horse,Trade Paperback
Toy Story Adventures/Volume #01.cbz,Toy Story Adventures,Volume #01,1,,2019,4,Various,Various,Dark Horse,Trade Paperback
Toy Story Adventures/Volume #02.cbz,Toy Story Adventures,Volume #02,2,,2019,9,Various,Various,Dark Horse,Trade Paperback
Usagi Yojimbo/Volume #32 - Mysteries.cbz,Usagi Yojimbo,Mysteries,32,Usagi Yojimbo Volume Three #159-165,2018,,Stan Sakai,Stan Sakai,Dark Horse,Trade Paperback
Usagi Yojimbo/Volume #33 - The Hidden.cbz,Usagi Yojimbo,The Hidden,33,Usagi Yojimbo Volume Three #166-172 & Usagi Yojimbo: The Hidden #1-7,2019,,Stan Sakai,Stan Sakai,Dark Horse,Trade Paperback
Usagi Yojimbo/Volume #39 - Ice and Snow.cbz,Usagi Yojimbo,Ice and Snow,39,Usagi Yojimbo: Ice and Snow #1-5,2024,,Stan Sakai,Stan Sakai,Dark Horse,Trade Paperback
Usagi Yojimbo/Volume #40 - The Crow.cbz,Usagi Yojimbo,The Crow,40,Usagi Yojimbo: The Crow #1-5,2025,,Stan Sakai,Stan Sakai,Dark Horse,Trade Paperback
War for the Planet of the Apes (2017)/War for the Planet of the Apes (2017) #01.cbz,War for the Planet of the Apes (2017),Part 1,1,,2017,7,David F. Walker,Jonas Scharf,Boom,Comic
War for the Planet of the Apes (2017)/War for the Planet of the Apes (2017) #02.cbz,War for the Planet of the Apes (2017),Part 2,2,,2017,8,David F. Walker,Jonas Scharf,Boom,Comic
War for the Planet of the Apes (2017)/War for the Planet of the Apes (2017) #03.cbz,War for the Planet of the Apes (2017),Part 3,3,,2017,9,David F. Walker,Jonas Scharf,Boom,Comic
War for the Planet of the Apes (2017)/War for the Planet of the Apes (2017) #04.cbz,War for the Planet of the Apes (2017),Part 4,4,,2017,10,David F. Walker,Jonas Scharf,Boom,Comic
Watchmen (1986)/Volume #01.cbz,Watchmen (1986),Volume #01,1,Watchmen (1986) #1-12,2005,,Alan Moore,Dave Gibbons,DC,Hardcover
We Only Find Them When They're Dead (2021)/Volume #01 - The Seeker.cbz,We Only Find Them When They're Dead (2021),The Seeker,1,We Only Find Them When They’re Dead (2021) #1-5,2021,,Al Ewing,Simone Di Meo,Boom,Trade Paperback